author_association,project_name,username,number_posted_issues,years_member,number_repositories,number_comments,Agree_Usability,Agree_roles,Agree_usability_role
NONE,VsCode,jmp778,1,3,0,0,None,['None'],Non_usability
NONE,VsCode,chengpengvb,1,4,3,0,None,['None'],Non_usability
NONE,VsCode,martinthomson,1,12,224,1,None,['None'],Non_usability
NONE,VsCode,Tekh-ops,1,0,393,3,None,['None'],Non_usability
NONE,VsCode,Saad309,1,0,0,1,None,['None'],Non_usability
NONE,VsCode,v-kanve,7,0,0,1,Usability,['Usability'],Usability
NONE,VsCode,Akshay-Priyadarshi,1,1,14,0,None,['None'],Non_usability
NONE,VsCode,prachi14-techved,3,1,0,2,None,['None'],Non_usability
NONE,VsCode,John-Ralph,1,2,2,1,None,['None'],Non_usability
NONE,VsCode,wenfangdu,33,4,77,28,None,['None'],Non_usability
NONE,VsCode,stackmystack,1,11,10,0,None,['None'],Non_usability
NONE,VsCode,altjx,1,8,6,1,None,['None'],Non_usability
NONE,VsCode,pixieaka,60,5,0,58,None,['None'],Non_usability
NONE,VsCode,WuzhuangWang,1,5,10,0,None,['None'],Non_usability
NONE,VsCode,poikayiljose,1,4,8,0,None,['None'],Non_usability
NONE,VsCode,jacobweber,24,11,20,35,None,['None'],Non_usability
CONTRIBUTOR,VsCode,HaoboGu,8,7,37,26,None,['None'],Non_usability
NONE,VsCode,AnthonyIV,2,4,2,0,None,['None'],Non_usability
NONE,VsCode,gplumb,7,10,5,12,Usability,['Usability'],Usability
NONE,VsCode,davewthompson,1,7,9,1,None,['None'],Non_usability
NONE,VsCode,lubelg,1,1,1,0,None,['None'],Non_usability
NONE,VsCode,DougCal,1,5,24,0,None,['None'],Non_usability
NONE,VsCode,marcheimendinger,1,3,3,0,Usability,['Usability'],Usability
NONE,VsCode,computHome,4,7,16,4,Usability,['Usability'],Usability
NONE,VsCode,KhaldiAmer,1,6,21,1,None,['None'],Non_usability
NONE,VsCode,WendellNDRV,2,1,0,0,None,['None'],Non_usability
NONE,VsCode,aszenz,1,4,64,0,Usability,['Usability'],Usability
NONE,VsCode,snaplesec,1,2,1,0,None,['None'],Non_usability
NONE,VsCode,JMasak,2,4,5,0,None,['None'],Non_usability
NONE,VsCode,AcademyOfF,3,2,8,2,Usability,['Usability'],Usability
NONE,VsCode,MrKaKaluote,1,5,10,0,None,['None'],Non_usability
NONE,VsCode,heartacker,39,9,161,53,None,['None'],Non_usability
CONTRIBUTOR,VsCode,jonamat,1,2,20,0,None,['None'],Non_usability
NONE,VsCode,joshblvck,0,2,2,0,None,['None'],Non_usability
NONE,VsCode,faizan-nab,2,3,0,1,None,['None'],Non_usability
NONE,VsCode,batmanSix,0,4,29,0,None,['None'],Non_usability
NONE,VsCode,DouglasMarq,1,6,26,0,None,['None'],Non_usability
NONE,VsCode,richfi,1,1,0,0,None,['None'],Non_usability
NONE,VsCode,Destaq,1,1,17,0,None,['None'],Non_usability
CONTRIBUTOR,VsCode,usernamehw,292,7,21,1446,Usability,['Usability'],Usability
NONE,VsCode,Torrore,1,2,0,0,None,['None'],Non_usability
NONE,VsCode,chengyuhui,2,9,59,3,None,['None'],Non_usability
NONE,VsCode,jsumners,6,11,179,12,None,['None'],Non_usability
NONE,VsCode,tiancihe,1,3,20,1,None,['None'],Non_usability
NONE,VsCode,jsruvi,1,7,0,0,None,['None'],Non_usability
NONE,VsCode,alexisMartinez1235,0,1,5,0,None,['None'],Non_usability
NONE,VsCode,mrtineu,1,1,0,0,None,['None'],Non_usability
NONE,VsCode,Damix48,4,5,11,7,None,['None'],Non_usability
NONE,VsCode,silesky,1,8,75,1,None,['None'],Non_usability
NONE,VsCode,yuan8ba,1,3,10,0,None,['None'],Non_usability
NONE,VsCode,esDotDev,1,10,22,1,Usability,['Usability'],Usability
MEMBER,VsCode,chrisdias,248,9,50,570,None,['None'],Non_usability
NONE,VsCode,pankaj-webkul,2,0,0,3,None,['None'],Non_usability
NONE,VsCode,KPTousey,2,3,8,2,None,['None'],Non_usability
NONE,VsCode,Hamido-san,1,4,11,1,None,['None'],Non_usability
NONE,VsCode,juaneks77,1,8,5,0,None,['None'],Non_usability
NONE,VsCode,picarro-msimpson,1,2,1,1,None,['None'],Non_usability
NONE,VsCode,zero1hac,1,7,50,0,None,['None'],Non_usability
NONE,VsCode,richex-cn,1,4,14,0,None,['None'],Non_usability
NONE,VsCode,rbgo,1,3,2,0,None,['None'],Non_usability
NONE,VsCode,zodiake,1,8,44,0,None,['None'],Non_usability
MEMBER,VsCode,connor4312,269,9,209,2478,None,"['None', 'Usability']",Both_role
NONE,VsCode,rohitkrmishra,1,2,0,2,None,['None'],Non_usability
NONE,VsCode,backoon,1,2,3,0,None,['None'],Non_usability
NONE,VsCode,kblok,1,9,66,0,None,['None'],Non_usability
NONE,VsCode,pizixie,1,9,6,1,None,['None'],Non_usability
NONE,VsCode,chinhphan099,1,7,17,0,Usability,['Usability'],Usability
NONE,VsCode,srk1195,2,5,11,2,None,['None'],Non_usability
NONE,VsCode,raychunghk,1,9,9,0,None,['None'],Non_usability
NONE,VsCode,Colengms,29,2,4,58,None,['None'],Non_usability
NONE,VsCode,akbyrd,65,11,10,106,None,['None'],Non_usability
NONE,VsCode,hyoretsu,1,5,46,0,None,['None'],Non_usability
NONE,VsCode,derkallevombau,0,3,17,1,None,['None'],Non_usability
NONE,VsCode,tlemo,27,6,30,34,None,['None'],Non_usability
NONE,VsCode,pavel-a,2,7,10,2,Usability,['Usability'],Usability
MEMBER,VsCode,TomasHubelbauer,43,7,418,101,None,['None'],Non_usability
NONE,VsCode,ArthurFuchsReis,1,1,3,0,Usability,['Usability'],Usability
NONE,VsCode,Nowaker,10,10,95,13,Usability,['Usability'],Usability
NONE,VsCode,zhanghuangbin,1,2,2,0,None,['None'],Non_usability
NONE,VsCode,bviktor,2,8,21,8,None,['None'],Non_usability
NONE,VsCode,rawfox,1,4,0,1,None,['None'],Non_usability
NONE,VsCode,rolandcrosby,1,12,70,2,Usability,['Usability'],Usability
NONE,VsCode,anouarhassine,1,6,3,1,None,['None'],Non_usability
NONE,VsCode,huahuayu,1,9,117,0,Usability,['Usability'],Usability
MEMBER,VsCode,sandy081,913,6,82,9165,None,"['None', 'Usability']",Both_role
MEMBER,VsCode,sbatten,229,7,28,2345,None,['None'],Non_usability
NONE,VsCode,stagefright5,18,6,35,27,None,['None'],Non_usability
NONE,VsCode,AurelienConil,0,6,12,0,None,['None'],Non_usability
NONE,VsCode,fox1t,1,9,72,0,None,['None'],Non_usability
NONE,VsCode,JamHamburg,1,3,0,3,None,['None'],Non_usability
NONE,VsCode,igolskyi,2,5,9,10,None,['None'],Non_usability
MEMBER,VsCode,connor4312,269,9,209,2478,Usability,"['None', 'Usability']",Both_role
NONE,VsCode,vineetvegi,1,2,15,0,None,['None'],Non_usability
NONE,VsCode,jaredyam,2,2,20,0,Usability,['Usability'],Usability
NONE,VsCode,burakcank,1,5,4,0,Usability,['Usability'],Usability
NONE,VsCode,wuming123,1,6,9,0,None,['None'],Non_usability
CONTRIBUTOR,VsCode,RMacfarlane,294,8,21,1525,None,['None'],Non_usability
NONE,VsCode,allaura-dev,1,2,7,0,None,['None'],Non_usability
NONE,VsCode,BarakBD-Globality,1,2,3,0,None,['None'],Non_usability
MEMBER,VsCode,Tyriar,1832,9,150,14971,Usability,"['None', 'Usability']",Both_role
NONE,VsCode,psclkhoury,12,7,2,17,Usability,['Usability'],Usability
NONE,VsCode,alexpaluzzi,2,9,8,7,None,['None'],Non_usability
NONE,VsCode,windwp,1,7,41,2,Usability,['Usability'],Usability
NONE,VsCode,wuliqiangweb,1,2,5,0,None,['None'],Non_usability
NONE,VsCode,shrutipant7,3,4,18,7,None,['None'],Non_usability
NONE,VsCode,ravshansbox,12,9,6,14,Usability,['Usability'],Usability
NONE,VsCode,andytael,1,7,5,3,None,['None'],Non_usability
CONTRIBUTOR,VsCode,jedwards1211,15,9,270,49,None,['None'],Non_usability
CONTRIBUTOR,VsCode,aeschli,706,7,64,7622,Usability,"['Usability', 'None']",Both_role
CONTRIBUTOR,VsCode,IllusionMH,53,9,22,1678,None,['None'],Non_usability
NONE,VsCode,yuri-velmesov,0,6,13,0,None,['None'],Non_usability
NONE,VsCode,woohling,1,6,15,3,None,['None'],Non_usability
CONTRIBUTOR,VsCode,ramank775,3,5,17,5,None,['None'],Non_usability
NONE,VsCode,angelhdz,11,0,4,24,None,['None'],Non_usability
NONE,VsCode,tshino,1,10,7,0,None,['None'],Non_usability
NONE,VsCode,drsarhan,1,2,3,0,None,['None'],Non_usability
MEMBER,VsCode,cloudhan,4,10,61,3,None,['None'],Non_usability
NONE,VsCode,pyuser00,3,6,0,4,None,['None'],Non_usability
NONE,VsCode,Gruntfuggly,87,11,39,127,Usability,['Usability'],Usability
MEMBER,VsCode,alexr00,287,3,29,3425,None,['None'],Non_usability
NONE,VsCode,whlkw,11,9,69,14,None,['None'],Non_usability
NONE,VsCode,niemeier23,1,6,2,0,None,['None'],Non_usability
NONE,VsCode,mtrp12,1,7,13,0,Usability,['Usability'],Usability
NONE,VsCode,KhalitovAdel,2,8,34,4,None,['None'],Non_usability
NONE,VsCode,thewhitetulip,21,8,55,42,Usability,['Usability'],Usability
NONE,VsCode,NanaseRuri,1,4,26,0,None,['None'],Non_usability
NONE,VsCode,XxLJcool25xX,1,0,0,0,None,['None'],Non_usability
NONE,VsCode,jabacchetta,37,6,8,41,Usability,['Usability'],Usability
NONE,VsCode,beemensameh,2,3,9,4,None,['None'],Non_usability
NONE,VsCode,Inori-Lover,1,7,34,2,None,['None'],Non_usability
CONTRIBUTOR,VsCode,Dari-K,1,6,11,7,None,['None'],Non_usability
MEMBER,VsCode,letmaik,42,11,93,62,None,['None'],Non_usability
NONE,VsCode,WangCong0192,2,3,3,1,None,['None'],Non_usability
NONE,VsCode,namleasia,1,3,1,1,None,['None'],Non_usability
NONE,VsCode,wzlwit,1,3,30,1,None,['None'],Non_usability
NONE,VsCode,joye61,1,8,5,0,Usability,['Usability'],Usability
NONE,VsCode,vandijkstef,5,8,52,5,None,['None'],Non_usability
NONE,VsCode,chenz97,1,5,11,2,None,['None'],Non_usability
NONE,VsCode,ivanhernandez13,7,7,13,8,None,['None'],Non_usability
NONE,VsCode,jschwartzman,2,3,9,0,None,['None'],Non_usability
NONE,VsCode,scarvalhojr,1,10,53,0,None,['None'],Non_usability
MEMBER,VsCode,lramos15,92,8,11,349,None,['None'],Non_usability
NONE,VsCode,targboss,3,2,0,0,None,['None'],Non_usability
CONTRIBUTOR,VsCode,DanTup,401,10,161,1503,None,['None'],Non_usability
NONE,VsCode,macgyver,4,13,16,3,Usability,['Usability'],Usability
NONE,VsCode,Iipal,6,4,60,8,None,['None'],Non_usability
NONE,VsCode,bardware,9,10,54,17,Usability,['Usability'],Usability
NONE,VsCode,Kieran-Bacon,1,4,18,1,None,['None'],Non_usability
NONE,VsCode,vasiltabakov,6,10,33,0,Usability,['Usability'],Usability
NONE,VsCode,biltongza,4,9,17,2,None,['None'],Non_usability
NONE,VsCode,lgArlequin,1,3,3,2,None,['None'],Non_usability
NONE,VsCode,RobFosterNYC,14,5,15,9,Usability,['Usability'],Usability
NONE,VsCode,dragonDScript,6,3,20,8,None,['None'],Non_usability
MEMBER,VsCode,rebornix,590,10,119,4206,None,"['None', 'Usability']",Both_role
NONE,VsCode,Uma19,4,7,9,4,None,['None'],Non_usability
NONE,VsCode,java858,1,5,9,0,None,['None'],Non_usability
NONE,VsCode,MartinFeineis,1,7,18,1,None,['None'],Non_usability
NONE,VsCode,ylaizet,2,6,11,2,None,['None'],Non_usability
NONE,VsCode,masoudr,1,7,17,1,None,['None'],Non_usability
NONE,VsCode,632575987,1,8,14,1,Usability,['Usability'],Usability
NONE,VsCode,fi0,1,4,46,1,None,['None'],Non_usability
NONE,VsCode,madprops,20,11,63,17,Usability,['Usability'],Usability
NONE,VsCode,gianchub,1,10,7,0,None,['None'],Non_usability
CONTRIBUTOR,VsCode,apupier,22,10,324,22,None,['None'],Non_usability
NONE,VsCode,abhibeckert,3,11,24,0,Usability,['Usability'],Usability
NONE,VsCode,uphlewis,1,3,3,5,None,['None'],Non_usability
CONTRIBUTOR,VsCode,go2sh,4,12,40,6,None,['None'],Non_usability
NONE,VsCode,hferreiro,2,10,26,1,None,['None'],Non_usability
NONE,VsCode,azydevelopment,13,4,13,9,None,['None'],Non_usability
NONE,VsCode,pqvst,3,8,39,6,None,['None'],Non_usability
NONE,VsCode,terradek,2,3,7,3,None,['None'],Non_usability
NONE,VsCode,mikelward,7,12,26,10,None,['None'],Non_usability
NONE,VsCode,marceau-maubert,2,0,0,0,None,['None'],Non_usability
NONE,VsCode,DemoCrazer,10,4,1,7,Usability,['Usability'],Usability
NONE,VsCode,BryanHunt,3,11,33,15,Usability,['Usability'],Usability
NONE,VsCode,sarbbottam,13,10,69,28,None,['None'],Non_usability
NONE,VsCode,efortes,1,10,10,1,None,['None'],Non_usability
NONE,VsCode,harsha20599,1,5,30,0,None,['None'],Non_usability
NONE,VsCode,SuperManEver,1,9,69,3,Usability,['Usability'],Usability
NONE,VsCode,Nytrodyne,1,5,4,0,None,['None'],Non_usability
CONTRIBUTOR,VsCode,gjsjohnmurray,135,7,36,3648,None,['None'],Non_usability
MEMBER,VsCode,eamodio,519,10,76,1580,None,['None'],Non_usability
NONE,VsCode,crewone,11,9,2,16,Usability,['Usability'],Usability
NONE,VsCode,flcdrg,1,11,239,0,None,['None'],Non_usability
NONE,VsCode,paulvi,3,9,517,12,Usability,['Usability'],Usability
NONE,VsCode,dbroytman,1,7,3,0,None,['None'],Non_usability
CONTRIBUTOR,VsCode,CoenraadS,53,8,7,80,None,['None'],Non_usability
NONE,VsCode,fifn2,3,3,32,3,None,['None'],Non_usability
NONE,VsCode,hooper-hc,1,6,16,0,None,['None'],Non_usability
NONE,VsCode,xen,2,13,101,3,Usability,['Usability'],Usability
MEMBER,VsCode,rebornix,590,10,119,4206,Usability,"['None', 'Usability']",Both_role
NONE,VsCode,samlotti,1,11,5,1,None,['None'],Non_usability
NONE,VsCode,lepinekong,7,8,73,1,Usability,['Usability'],Usability
NONE,VsCode,Mlocik97-issues,46,0,0,0,None,['None'],Non_usability
NONE,VsCode,kadickerss,1,7,0,1,None,['None'],Non_usability
NONE,VsCode,benhongh,1,9,6,0,None,['None'],Non_usability
NONE,VsCode,naiveLee,1,5,3,11,None,['None'],Non_usability
NONE,VsCode,iRoachie,4,8,38,10,None,['None'],Non_usability
CONTRIBUTOR,VsCode,JacksonKearl,319,7,101,1565,None,['None'],Non_usability
NONE,VsCode,ShayBox,5,7,38,8,None,['None'],Non_usability
NONE,VsCode,AlanRosenthal,7,10,29,8,None,['None'],Non_usability
NONE,VsCode,domoritz,12,10,335,53,None,['None'],Non_usability
NONE,VsCode,AccessibilityTestingTeam-TCS,389,3,4,62,Usability,['Usability'],Usability
NONE,VsCode,liukaigsx,1,5,1,2,Usability,['Usability'],Usability
NONE,VsCode,idailylife,1,9,26,0,None,['None'],Non_usability
NONE,VsCode,vsDizzy,5,8,38,6,None,['None'],Non_usability
CONTRIBUTOR,VsCode,octref,566,8,82,2363,Usability,['Usability'],Usability
CONTRIBUTOR,VsCode,fabiospampinato,121,9,270,260,None,['None'],Non_usability
NONE,VsCode,MathewLC,1,3,16,0,None,['None'],Non_usability
NONE,VsCode,mherodev,13,10,17,19,None,['None'],Non_usability
NONE,VsCode,KaanGaming,1,3,21,0,Usability,['Usability'],Usability
NONE,VsCode,brandondrew,5,13,169,8,None,['None'],Non_usability
NONE,VsCode,stamminator,1,6,37,2,None,['None'],Non_usability
CONTRIBUTOR,VsCode,ryenus,24,10,79,39,None,['None'],Non_usability
NONE,VsCode,jjacode,4,6,5,14,None,['None'],Non_usability
NONE,VsCode,huarse,1,8,5,3,Usability,['Usability'],Usability
NONE,VsCode,agm1984,5,5,70,8,Usability,['Usability'],Usability
NONE,VsCode,caub,17,9,140,32,None,['None'],Non_usability
MEMBER,VsCode,ramya-rao-a,341,5,65,3605,None,['None'],Non_usability
NONE,VsCode,mlewis-everley,2,10,34,3,None,['None'],Non_usability
NONE,VsCode,l-ennon,1,0,0,0,None,['None'],Non_usability
MEMBER,VsCode,sandy081,913,6,82,9165,Usability,"['None', 'Usability']",Both_role
CONTRIBUTOR,VsCode,DonJayamanne,209,9,195,525,None,['None'],Non_usability
NONE,VsCode,kwiesmueller,2,5,76,3,None,['None'],Non_usability
NONE,VsCode,vezzita,1,4,3,0,None,['None'],Non_usability
MEMBER,VsCode,bpasero,3082,10,113,25400,Usability,"['Usability', 'None']",Both_role
NONE,VsCode,DataTables,4,11,193,8,Usability,['Usability'],Usability
NONE,VsCode,fsebbah,1,9,12,0,None,['None'],Non_usability
NONE,VsCode,DouglasLiu2016,1,5,0,0,None,['None'],Non_usability
MEMBER,VsCode,heaths,13,9,110,20,None,['None'],Non_usability
NONE,VsCode,awerlang,3,10,82,8,None,['None'],Non_usability
NONE,VsCode,naco-siren,1,7,16,0,None,['None'],Non_usability
NONE,VsCode,EnrikeGonzaloLegarra,1,8,63,0,None,['None'],Non_usability
NONE,VsCode,brgrz,8,11,22,3,Usability,['Usability'],Usability
NONE,VsCode,lianzisong,2,6,13,0,None,['None'],Non_usability
NONE,VsCode,joemaffei,3,7,29,2,None,['None'],Non_usability
NONE,VsCode,ilyahoilik,1,7,2,1,Usability,['Usability'],Usability
NONE,VsCode,phual,1,4,0,0,None,['None'],Non_usability
NONE,VsCode,muttoni,3,4,41,3,Usability,['Usability'],Usability
NONE,VsCode,equiman,2,10,1,8,None,['None'],Non_usability
NONE,VsCode,Thaina,31,10,54,56,Usability,['Usability'],Usability
NONE,VsCode,Panoplos,7,9,8,24,Usability,['Usability'],Usability
NONE,VsCode,dhagej,2,8,1,1,None,['None'],Non_usability
NONE,VsCode,zmoazeni,1,13,58,1,Usability,['Usability'],Usability
CONTRIBUTOR,VsCode,spywhere,13,10,89,29,Usability,['Usability'],Usability
MEMBER,VsCode,roblourens,1411,11,111,10783,None,['None'],Non_usability
NONE,VsCode,lomholdt,2,9,84,3,Usability,['Usability'],Usability
NONE,VsCode,cuiyongjian,2,8,64,3,Usability,['Usability'],Usability
NONE,VsCode,blueskyzh,2,6,17,0,None,['None'],Non_usability
NONE,VsCode,Svetomech,1,7,42,1,None,['None'],Non_usability
NONE,VsCode,user3323,92,5,4,84,None,['None'],Non_usability
NONE,VsCode,oliversalzburg,70,9,230,141,None,['None'],Non_usability
CONTRIBUTOR,VsCode,aeschli,706,7,64,7622,None,"['Usability', 'None']",Both_role
NONE,VsCode,limbosounds,14,4,10,26,None,['None'],Non_usability
NONE,VsCode,nguyen-tho-mulodo,1,4,2,1,None,['None'],Non_usability
NONE,VsCode,akliyiping,5,6,40,3,None,['None'],Non_usability
NONE,VsCode,akdevservices,7,4,9,19,None,['None'],Non_usability
NONE,VsCode,AndersBillLinden,1,10,45,2,None,['None'],Non_usability
NONE,VsCode,techsin,14,8,96,45,Usability,['Usability'],Usability
NONE,VsCode,office-work-account,3,4,5,3,Usability,['Usability'],Usability
NONE,VsCode,webmastak,2,6,40,0,None,['None'],Non_usability
NONE,VsCode,jackfranklin,4,11,312,7,None,['None'],Non_usability
CONTRIBUTOR,VsCode,mjbvz,1220,6,167,13876,None,"['None', 'Usability']",Both_role
NONE,VsCode,sean-mcmanus,113,5,2,391,None,['None'],Non_usability
MEMBER,VsCode,dbaeumer,645,9,15,6385,None,['None'],Non_usability
NONE,VsCode,StevenCHowell,7,7,47,8,None,['None'],Non_usability
NONE,VsCode,rafnogueira,2,8,19,0,Usability,['Usability'],Usability
NONE,VsCode,srealm,1,10,5,1,None,['None'],Non_usability
NONE,VsCode,frostius,20,8,0,36,None,['None'],Non_usability
NONE,VsCode,yangwen2,1,9,8,7,None,['None'],Non_usability
CONTRIBUTOR,VsCode,mjbvz,1220,6,167,13876,Usability,"['None', 'Usability']",Both_role
NONE,VsCode,artaommahe,9,9,22,12,None,['None'],Non_usability
NONE,VsCode,jamesding,1,9,33,1,None,['None'],Non_usability
NONE,VsCode,mrkafk,16,10,28,16,None,['None'],Non_usability
NONE,VsCode,mika76,4,11,71,14,None,['None'],Non_usability
CONTRIBUTOR,VsCode,cleidigh,87,4,44,612,None,['None'],Non_usability
NONE,VsCode,Azlbert,1,5,6,0,None,['None'],Non_usability
NONE,VsCode,naaness,1,8,19,3,None,['None'],Non_usability
NONE,VsCode,janjongboom,1,10,229,1,None,['None'],Non_usability
MEMBER,VsCode,alexdima,769,8,28,9816,None,"['Usability', 'None']",Both_role
NONE,VsCode,jamietre,16,10,74,54,None,['None'],Non_usability
NONE,VsCode,pxim,1,8,35,1,None,['None'],Non_usability
NONE,VsCode,sulthonzh,1,8,152,0,Usability,['Usability'],Usability
NONE,VsCode,g5codyswartz,3,6,5,6,None,['None'],Non_usability
CONTRIBUTOR,VsCode,chrmarti,683,7,57,3691,Usability,"['Usability', 'None']",Both_role
NONE,VsCode,trsrm,1,10,15,0,None,['None'],Non_usability
MEMBER,VsCode,Tyriar,1832,9,150,14971,None,"['None', 'Usability']",Both_role
NONE,VsCode,smlombardi,147,10,63,134,None,['None'],Non_usability
NONE,VsCode,vscodeerrors,737,6,0,18,None,['None'],Non_usability
NONE,VsCode,viertaxa,2,7,8,1,None,['None'],Non_usability
NONE,VsCode,garfieldbanks,16,6,5,35,Usability,['Usability'],Usability
NONE,VsCode,xyq153596,1,8,12,0,None,['None'],Non_usability
NONE,VsCode,iou90,2,8,24,0,None,['None'],Non_usability
MEMBER,VsCode,jrieken,1723,9,63,14481,None,['None'],Non_usability
NONE,VsCode,relvao,1,9,37,0,None,['None'],Non_usability
NONE,VsCode,mdahamiwal,1,6,10,3,None,['None'],Non_usability
NONE,VsCode,fenying,5,6,26,7,Usability,['Usability'],Usability
NONE,VsCode,ht17085,1,5,1,0,None,['None'],Non_usability
NONE,VsCode,plaanupam,2,5,3,2,Usability,['Usability'],Usability
CONTRIBUTOR,VsCode,chrmarti,683,7,57,3691,None,"['Usability', 'None']",Both_role
NONE,VsCode,gilleswaeber,2,6,14,0,None,['None'],Non_usability
NONE,VsCode,HolgerJeromin,1,9,53,7,None,['None'],Non_usability
NONE,VsCode,ghost,1314,13,0,2181,None,['None'],Non_usability
NONE,VsCode,PhamBaTho,1,8,4,0,Usability,['Usability'],Usability
NONE,VsCode,ivancuric,12,9,69,8,Usability,['Usability'],Usability
NONE,VsCode,matthiasg,5,11,139,5,None,['None'],Non_usability
NONE,VsCode,d180cf,4,6,7,3,Usability,['Usability'],Usability
MEMBER,VsCode,kieferrm,430,8,54,1817,None,['None'],Non_usability
MEMBER,VsCode,dilijev,46,11,44,53,None,['None'],Non_usability
NONE,VsCode,MarkPieszak,12,9,69,20,None,['None'],Non_usability
NONE,VsCode,paritosh149,7,7,57,8,Usability,['Usability'],Usability
NONE,VsCode,ahmetenis,1,8,1,1,None,['None'],Non_usability
NONE,VsCode,tarurar,3,12,28,5,Usability,['Usability'],Usability
NONE,VsCode,howardchn,1,7,30,1,None,['None'],Non_usability
NONE,VsCode,Darival,1,6,21,4,None,['None'],Non_usability
NONE,VsCode,AndrewBrianHall,1,6,31,0,None,['None'],Non_usability
NONE,VsCode,warmsun-li,1,6,1,0,None,['None'],Non_usability
NONE,VsCode,rakkarage,27,10,77,28,None,['None'],Non_usability
NONE,VsCode,dpMerchant,1,5,0,1,None,['None'],Non_usability
CONTRIBUTOR,VsCode,bgashler1,67,6,9,437,Usability,['Usability'],Usability
MEMBER,VsCode,alexdima,769,8,28,9816,Usability,"['Usability', 'None']",Both_role
MEMBER,VsCode,joaomoreno,1186,13,146,15014,None,['None'],Non_usability
CONTRIBUTOR,VsCode,isidorn,1607,9,4,15654,None,"['None', 'Usability']",Both_role
MEMBER,VsCode,bpasero,3082,10,113,25400,None,"['Usability', 'None']",Both_role
MEMBER,VsCode,weinand,877,9,16,7522,None,['None'],Non_usability
NONE,VsCode,waderyan,107,9,87,851,None,['None'],Non_usability
CONTRIBUTOR,VsCode,isidorn,1607,9,4,15654,Usability,"['None', 'Usability']",Both_role
MEMBER,VsCode,egamma,539,12,75,3238,None,['None'],Non_usability
NONE,VsCode,NickHeiner,12,10,172,18,Usability,['Usability'],Usability
NONE,VsCode,niemyjski,2,10,134,9,None,['None'],Non_usability
NONE,Atom,ggl,4,8,13,2,None,['None'],Non_usability
NONE,Atom,RisingStar-Web,1,2,123,2,None,['None'],Non_usability
NONE,Atom,gogo9th,1,7,8,0,None,['None'],Non_usability
NONE,Atom,agnesbegala,1,1,0,0,None,['None'],Non_usability
CONTRIBUTOR,Atom,saizai,4,13,75,3,None,['None'],Non_usability
NONE,Atom,mellonges,1,1,26,0,None,['None'],Non_usability
NONE,Atom,objectopensource,2,0,0,0,None,['None'],Non_usability
NONE,Atom,Alhinds85,1,1,0,0,None,['None'],Non_usability
NONE,Atom,arixank,1,2,27,2,None,['None'],Non_usability
NONE,Atom,kaushik1810,1,1,1,0,None,['None'],Non_usability
NONE,Atom,armen-arakelyan,1,1,13,1,None,['None'],Non_usability
NONE,Atom,MarekZ98,1,2,0,0,None,['None'],Non_usability
NONE,Atom,JuliaGerasymenko,1,4,36,0,None,['None'],Non_usability
NONE,Atom,tomatomuq,0,2,0,0,None,['None'],Non_usability
NONE,Atom,PetrKryslUCSD,4,7,68,5,None,['None'],Non_usability
NONE,Atom,ITwrx,1,10,16,1,None,['None'],Non_usability
NONE,Atom,sombraaaa,1,2,3,0,None,['None'],Non_usability
NONE,Atom,adam-kelsey,1,7,38,0,None,['None'],Non_usability
NONE,Atom,wieczorek1990,1,9,110,0,None,['None'],Non_usability
NONE,Atom,StepanSS,1,4,17,0,None,['None'],Non_usability
NONE,Atom,mike663,1,5,0,1,None,['None'],Non_usability
NONE,Atom,damiantoczek,2,5,11,0,None,['None'],Non_usability
NONE,Atom,t40,1,8,2,0,None,['None'],Non_usability
NONE,Atom,robertrossmann,19,9,21,34,None,['None'],Non_usability
NONE,Atom,MarToxAk,1,7,15,0,None,['None'],Non_usability
NONE,Atom,dobry-kot,1,4,3,0,None,['None'],Non_usability
NONE,Atom,ryotlee,1,8,27,0,None,['None'],Non_usability
MEMBER,Atom,smashwilson,24,13,211,97,None,['None'],Non_usability
NONE,Atom,SumitBikram,2,3,7,0,None,['None'],Non_usability
NONE,Atom,qnhr,1,5,2,0,None,['None'],Non_usability
NONE,Atom,Schrominger,1,5,73,0,None,['None'],Non_usability
NONE,Atom,trusktr,56,11,278,69,Usability,['Usability'],Usability
NONE,Atom,kotx,1,4,87,1,None,['None'],Non_usability
NONE,Atom,move[bot],9,0,0,55,Usability,['Usability'],Usability
CONTRIBUTOR,Atom,daviwil,122,12,130,398,Usability,"['Usability', 'None']",Both_role
NONE,Atom,jrial,7,10,50,21,None,['None'],Non_usability
NONE,Atom,tsiras,1,5,2,0,None,['None'],Non_usability
CONTRIBUTOR,Atom,cacheflow,1,8,264,5,Usability,['Usability'],Usability
CONTRIBUTOR,Atom,ggreif,2,9,115,2,None,['None'],Non_usability
NONE,Atom,William-N,1,4,9,0,Usability,['Usability'],Usability
NONE,Atom,53tang,1,4,1,0,None,['None'],Non_usability
NONE,Atom,elvinos,1,7,35,1,None,['None'],Non_usability
NONE,Atom,qwelias,2,8,55,2,None,['None'],Non_usability
NONE,Atom,timreichen,0,6,16,0,None,['None'],Non_usability
NONE,Atom,vikahl,1,9,14,0,None,['None'],Non_usability
CONTRIBUTOR,Atom,daviwil,122,12,130,398,None,"['Usability', 'None']",Both_role
NONE,Atom,NewWheat,1,4,0,2,None,['None'],Non_usability
NONE,Atom,faliagas,2,4,3,3,None,['None'],Non_usability
NONE,Atom,twifty,4,6,22,5,Usability,['Usability'],Usability
NONE,Atom,bluebelles27,1,0,0,0,None,['None'],Non_usability
CONTRIBUTOR,Atom,zorn-v,2,6,64,9,None,['None'],Non_usability
NONE,Atom,nishek,1,4,1,0,None,['None'],Non_usability
NONE,Atom,adnammit,1,8,27,1,None,['None'],Non_usability
NONE,Atom,nethish,1,3,16,0,None,['None'],Non_usability
NONE,Atom,thegoodfellas,1,3,2,0,None,['None'],Non_usability
NONE,Atom,intervisionlord,1,8,18,0,None,['None'],Non_usability
NONE,Atom,ixDarkLorD,1,4,3,0,None,['None'],Non_usability
NONE,Atom,Itz-Mattmatt,1,4,1,0,None,['None'],Non_usability
NONE,Atom,njakobsen,1,12,10,6,None,['None'],Non_usability
NONE,Atom,imdavor,1,5,3,1,None,['None'],Non_usability
NONE,Atom,mariojho,1,11,3,0,None,['None'],Non_usability
NONE,Atom,swanny18,1,3,0,1,None,['None'],Non_usability
NONE,Atom,nileshchakraborty,1,8,27,0,None,['None'],Non_usability
NONE,Atom,chasinglucid,1,3,8,4,None,['None'],Non_usability
NONE,Atom,Y3z3ki3l,1,4,229,0,None,['None'],Non_usability
NONE,Atom,cagehere,1,3,0,0,None,['None'],Non_usability
NONE,Atom,Davito3,1,4,2,0,None,['None'],Non_usability
NONE,Atom,bboy2,1,4,4,0,None,['None'],Non_usability
NONE,Atom,abdohz,1,4,25,0,None,['None'],Non_usability
NONE,Atom,vafagh,1,9,2,0,Usability,['Usability'],Usability
NONE,Atom,CptAdamica,3,4,0,2,None,['None'],Non_usability
NONE,Atom,JueShouGitHub,1,5,11,0,None,['None'],Non_usability
NONE,Atom,dmitriivikorchuk,1,4,1,1,None,['None'],Non_usability
NONE,Atom,xzitlou,1,9,9,0,None,['None'],Non_usability
NONE,Atom,pdonias,1,6,16,1,None,['None'],Non_usability
NONE,Atom,alexandraharet,1,5,10,0,None,['None'],Non_usability
MEMBER,Atom,50Wliu,77,9,23,4067,None,"['None', 'Usability']",Both_role
NONE,Atom,MikeMajara,1,6,36,0,None,['None'],Non_usability
NONE,Atom,aleb,1,11,35,1,None,['None'],Non_usability
MEMBER,Atom,lee-dohm,59,10,316,2441,Usability,['Usability'],Usability
NONE,Atom,willnwhite,2,7,62,1,None,['None'],Non_usability
NONE,Atom,yubaoquan,14,9,93,27,Usability,['Usability'],Usability
NONE,Atom,Nowass,1,5,4,0,None,['None'],Non_usability
NONE,Atom,calebmeyer,6,8,50,38,None,['None'],Non_usability
CONTRIBUTOR,Atom,t9md,26,12,176,53,None,['None'],Non_usability
NONE,Atom,ethans333,1,5,19,0,None,['None'],Non_usability
NONE,Atom,wesharper,1,6,3,0,None,['None'],Non_usability
NONE,Atom,garygreen,6,9,83,9,None,['None'],Non_usability
NONE,Atom,huarse,1,8,5,3,None,['None'],Non_usability
NONE,Atom,flycal6,1,7,30,0,None,['None'],Non_usability
NONE,Atom,aliaskari76,1,4,0,0,None,['None'],Non_usability
NONE,Atom,ethernal,1,10,17,3,None,['None'],Non_usability
NONE,Atom,elephantwork,1,8,7,0,None,['None'],Non_usability
NONE,Atom,Zsfzy,1,5,20,0,None,['None'],Non_usability
NONE,Atom,womza,1,6,19,0,None,['None'],Non_usability
NONE,Atom,QoQonut,1,4,2,0,None,['None'],Non_usability
NONE,Atom,marcomarasco,1,6,14,0,None,['None'],Non_usability
NONE,Atom,TomKatsuki,1,4,0,1,None,['None'],Non_usability
NONE,Atom,ShadowLNC,1,7,12,1,None,['None'],Non_usability
NONE,Atom,mrichman,6,13,54,7,None,['None'],Non_usability
CONTRIBUTOR,Atom,dwelle,13,8,64,26,None,['None'],Non_usability
CONTRIBUTOR,Atom,steakknife,1,11,529,1,None,['None'],Non_usability
NONE,Atom,GeorgeWL,8,8,72,14,None,['None'],Non_usability
NONE,Atom,carrodher,1,6,11,1,None,['None'],Non_usability
NONE,Atom,TETRA2000,1,9,83,0,None,['None'],Non_usability
NONE,Atom,igorvolnyi,2,6,7,3,None,['None'],Non_usability
CONTRIBUTOR,Atom,MoritzKn,3,6,68,13,None,['None'],Non_usability
NONE,Atom,CybersHere,1,4,1,0,None,['None'],Non_usability
NONE,Atom,wyujie,1,8,8,0,None,['None'],Non_usability
NONE,Atom,dongz9,1,10,29,0,Usability,['Usability'],Usability
NONE,Atom,smalike,0,9,1,0,None,['None'],Non_usability
CONTRIBUTOR,Atom,ungb,30,8,19,169,None,['None'],Non_usability
NONE,Atom,pabloab,3,10,24,16,None,['None'],Non_usability
NONE,Atom,mbladel,1,4,2,2,None,['None'],Non_usability
NONE,Atom,j-f1,2,4,225,0,None,['None'],Non_usability
NONE,Atom,OuSatoru,2,6,41,1,None,['None'],Non_usability
NONE,Atom,MandarSant,17,5,1,33,None,['None'],Non_usability
NONE,Atom,GlennBurkins,1,5,0,0,None,['None'],Non_usability
NONE,Atom,brookshelley,1,7,9,1,None,['None'],Non_usability
NONE,Atom,OmgImAlexis,2,7,441,22,None,['None'],Non_usability
NONE,Atom,GuoYongfeng,1,7,161,1,None,['None'],Non_usability
NONE,Atom,requiescate,1,5,1,0,None,['None'],Non_usability
NONE,Atom,gonglei,1,9,9,0,None,['None'],Non_usability
NONE,Atom,Datseris,1,5,31,1,None,['None'],Non_usability
NONE,Atom,hhtong,1,6,52,0,None,['None'],Non_usability
NONE,Atom,setni,1,7,31,0,None,['None'],Non_usability
NONE,Atom,liuyonghu,1,6,64,2,None,['None'],Non_usability
NONE,Atom,satishverma143,1,6,59,0,None,['None'],Non_usability
NONE,Atom,robertandrews,2,9,3,0,None,['None'],Non_usability
NONE,Atom,chudyandrej,1,6,28,0,None,['None'],Non_usability
NONE,Atom,fulldecent,16,11,334,22,None,['None'],Non_usability
NONE,Atom,ghost,1314,13,0,2181,None,"['None', 'Usability']",Both_role
NONE,Atom,jacobmischka,1,8,211,7,None,['None'],Non_usability
NONE,Atom,etav,1,6,20,1,None,['None'],Non_usability
NONE,Atom,voytovichs,1,8,13,1,Usability,['Usability'],Usability
NONE,Atom,JiayangShen,3,7,51,10,None,['None'],Non_usability
NONE,Atom,baz8080,1,9,29,1,None,['None'],Non_usability
NONE,Atom,samjgalbraith,1,8,4,0,None,['None'],Non_usability
NONE,Atom,jimbonator,3,10,12,9,None,['None'],Non_usability
NONE,Atom,petersowah,1,7,190,0,None,['None'],Non_usability
NONE,Atom,joshdcomp,1,9,22,1,None,['None'],Non_usability
NONE,Atom,ngmgithub,1,9,6,0,None,['None'],Non_usability
NONE,Atom,henyojess,1,11,19,0,None,['None'],Non_usability
NONE,Atom,bennettyuan18,4,6,9,5,Usability,['Usability'],Usability
NONE,Atom,xavier83,2,8,8,5,None,['None'],Non_usability
NONE,Atom,s2t2,1,9,706,5,None,['None'],Non_usability
NONE,Atom,ChristianCarruego,1,8,10,0,None,['None'],Non_usability
NONE,Atom,fabyc,1,10,102,1,None,['None'],Non_usability
NONE,Atom,freemanoid,3,11,23,5,Usability,['Usability'],Usability
MEMBER,Atom,Ben3eeE,26,10,24,962,None,['None'],Non_usability
NONE,Atom,eppsilon,2,13,42,5,None,['None'],Non_usability
NONE,Atom,jsveron23,1,12,17,1,Usability,['Usability'],Usability
NONE,Atom,PsiReaver,1,5,1,0,None,['None'],Non_usability
NONE,Atom,belldandu,2,8,30,3,None,['None'],Non_usability
NONE,Atom,beautispy,1,5,0,0,None,['None'],Non_usability
NONE,Atom,doberkofler,15,10,14,26,None,['None'],Non_usability
NONE,Atom,jamesonquinn,2,11,43,2,Usability,['Usability'],Usability
NONE,Atom,TITAN-UZ,1,8,47,0,None,['None'],Non_usability
NONE,Atom,nicholas-c,2,7,19,2,None,['None'],Non_usability
NONE,Atom,danieldevine,1,8,26,1,None,['None'],Non_usability
NONE,Atom,xunorus,2,8,72,4,None,['None'],Non_usability
NONE,Atom,h2oboi89,2,8,29,6,None,['None'],Non_usability
NONE,Atom,dcflow,1,7,14,1,Usability,['Usability'],Usability
NONE,Atom,nicka101,1,9,15,0,None,['None'],Non_usability
NONE,Atom,jordwalke,13,10,122,51,None,['None'],Non_usability
NONE,Atom,GuillaumeLegendre,1,10,14,0,Usability,['Usability'],Usability
NONE,Atom,elyseholladay,1,10,14,1,Usability,['Usability'],Usability
NONE,Atom,beccasjames,1,7,12,0,None,['None'],Non_usability
NONE,Atom,flaviolivolsi,1,8,39,0,None,['None'],Non_usability
NONE,Atom,nabeelomer,5,0,0,3,None,['None'],Non_usability
NONE,Atom,Hugoch,1,10,27,3,None,['None'],Non_usability
NONE,Atom,jsejcksn,3,10,88,12,None,['None'],Non_usability
NONE,Atom,connorpaulstauffer,0,8,35,0,None,['None'],Non_usability
NONE,Atom,steve9164,1,6,49,2,None,['None'],Non_usability
NONE,Atom,rugk,13,6,260,23,None,['None'],Non_usability
NONE,Atom,trunneml,1,11,17,1,None,['None'],Non_usability
NONE,Atom,seajean,2,9,65,3,None,['None'],Non_usability
NONE,Atom,jamesplease,3,9,330,11,None,['None'],Non_usability
NONE,Atom,ibnIrshad,1,11,19,0,None,['None'],Non_usability
NONE,Atom,fand,1,9,239,0,None,['None'],Non_usability
NONE,Atom,daveyjones,2,9,0,0,Usability,['Usability'],Usability
NONE,Atom,cebence,1,8,13,2,None,['None'],Non_usability
NONE,Atom,StephanRaab,1,7,61,0,None,['None'],Non_usability
CONTRIBUTOR,Atom,fusion809,38,8,218,47,None,['None'],Non_usability
NONE,Atom,kuoruan,2,7,67,1,None,['None'],Non_usability
NONE,Atom,niall83,1,6,0,0,None,['None'],Non_usability
NONE,Atom,ccoenen,4,12,140,17,None,['None'],Non_usability
NONE,Atom,jstolle,1,12,22,0,None,['None'],Non_usability
NONE,Atom,dborsatto,1,12,8,9,None,['None'],Non_usability
NONE,Atom,LeFnord,1,12,61,1,Usability,['Usability'],Usability
NONE,Atom,jamesscholeyweb,1,8,4,0,None,['None'],Non_usability
NONE,Atom,raddevon,1,9,67,0,None,['None'],Non_usability
NONE,Atom,cbrown1,1,10,23,0,None,['None'],Non_usability
NONE,Atom,anwarule,1,6,0,1,None,['None'],Non_usability
NONE,Atom,lukejagodzinski,2,10,75,2,None,['None'],Non_usability
NONE,Atom,robmccullough,1,9,0,1,None,['None'],Non_usability
NONE,Atom,erwan,1,13,123,0,None,['None'],Non_usability
NONE,Atom,anavarre,1,11,23,2,None,['None'],Non_usability
NONE,Atom,mangecoeur,4,10,37,10,Usability,['Usability'],Usability
NONE,Atom,i5ar,2,8,55,2,None,['None'],Non_usability
NONE,Atom,alflanagan,1,9,57,7,None,['None'],Non_usability
NONE,Atom,kravlost,1,8,3,1,Usability,['Usability'],Usability
NONE,Atom,Soularix,0,7,1,0,None,['None'],Non_usability
NONE,Atom,ferdbold,1,9,33,0,None,['None'],Non_usability
NONE,Atom,sublines,3,9,3,1,None,['None'],Non_usability
NONE,Atom,aldelval,1,8,0,2,None,['None'],Non_usability
NONE,Atom,thebkbuffalo,1,7,77,0,None,['None'],Non_usability
NONE,Atom,archaeron,1,11,61,1,Usability,['Usability'],Usability
NONE,Atom,adamreisnz,39,11,13,161,None,['None'],Non_usability
NONE,Atom,ChrisChiera,3,11,0,5,None,['None'],Non_usability
NONE,Atom,mrthebob,2,11,4,0,None,['None'],Non_usability
NONE,Atom,agileago,3,6,26,3,None,['None'],Non_usability
NONE,Atom,exogen,1,12,88,2,None,['None'],Non_usability
NONE,Atom,Enkouyami,4,9,6,14,None,['None'],Non_usability
NONE,Atom,navmed,2,9,54,0,None,['None'],Non_usability
NONE,Atom,dstack,0,9,30,0,None,['None'],Non_usability
NONE,Atom,Siecje,6,8,137,7,None,['None'],Non_usability
MEMBER,Atom,Arcanemagus,41,11,110,526,None,['None'],Non_usability
NONE,Atom,snlangsuan,1,8,16,0,None,['None'],Non_usability
NONE,Atom,prashantv,2,12,63,4,None,['None'],Non_usability
NONE,Atom,calebcbaker,1,7,3,1,None,['None'],Non_usability
NONE,Atom,anickle060193,1,8,33,2,None,['None'],Non_usability
NONE,Atom,damianesteban,1,8,210,2,None,['None'],Non_usability
NONE,Atom,nemoDreamer,1,13,72,2,None,['None'],Non_usability
NONE,Atom,scj643,1,8,48,1,Usability,['Usability'],Usability
NONE,Atom,gs-akhan,2,8,113,2,None,['None'],Non_usability
NONE,Atom,atombender,47,12,102,90,None,['None'],Non_usability
NONE,Atom,Veedrac,2,9,22,1,None,['None'],Non_usability
NONE,Atom,karai17,14,10,43,29,None,['None'],Non_usability
NONE,Atom,brocknessmonster,1,7,0,0,None,['None'],Non_usability
NONE,Atom,MarkZander,1,8,3,1,None,['None'],Non_usability
NONE,Atom,davidawad,7,8,209,12,None,['None'],Non_usability
NONE,Atom,yejianye,1,12,40,0,None,['None'],Non_usability
MEMBER,Atom,izuzak,108,13,40,1782,None,['None'],Non_usability
NONE,Atom,Daniel15,8,12,291,11,None,['None'],Non_usability
NONE,Atom,vramana,1,9,80,7,None,['None'],Non_usability
NONE,Atom,sungwoncho,1,7,156,1,None,['None'],Non_usability
NONE,Atom,willdady,5,11,31,6,None,['None'],Non_usability
NONE,Atom,benbalter,11,11,221,19,None,['None'],Non_usability
NONE,Atom,pierretusseau,2,7,36,2,None,['None'],Non_usability
NONE,Atom,kirollosd,1,8,74,0,None,['None'],Non_usability
NONE,Atom,rukshn,2,9,39,2,None,['None'],Non_usability
CONTRIBUTOR,Atom,postcasio,17,9,72,91,None,['None'],Non_usability
NONE,Atom,marklakata,2,8,17,0,None,['None'],Non_usability
NONE,Atom,JPTigr,1,7,0,3,None,['None'],Non_usability
CONTRIBUTOR,Atom,lexicalunit,5,9,55,14,None,['None'],Non_usability
NONE,Atom,drbsci,1,6,5,0,None,['None'],Non_usability
NONE,Atom,jgh0721,1,10,14,0,None,['None'],Non_usability
NONE,Atom,manoj84,1,9,7,0,None,['None'],Non_usability
NONE,Atom,zwhitchcox,9,8,246,18,Usability,['Usability'],Usability
NONE,Atom,murilo-ramos,1,7,19,0,None,['None'],Non_usability
CONTRIBUTOR,Atom,maxbrunsfeld,27,11,69,878,None,['None'],Non_usability
MEMBER,Atom,wvanlint,3,9,3,3,None,['None'],Non_usability
NONE,Atom,mxa,1,10,27,1,None,['None'],Non_usability
CONTRIBUTOR,Atom,sryze,8,8,43,16,None,['None'],Non_usability
NONE,Atom,VirtualOverride,0,7,46,0,None,['None'],Non_usability
NONE,Atom,ibnesayeed,1,12,108,6,None,['None'],Non_usability
NONE,Atom,roonie,1,9,4,2,None,['None'],Non_usability
NONE,Atom,bobber205,18,8,45,31,None,['None'],Non_usability
NONE,Atom,pcolby,1,8,31,2,None,['None'],Non_usability
NONE,Atom,mik01aj,2,9,38,4,Usability,['Usability'],Usability
NONE,Atom,ianbamforth,1,7,25,0,None,['None'],Non_usability
NONE,Atom,Ryan050,2,6,2,3,None,['None'],Non_usability
NONE,Atom,ctola91,1,7,164,0,None,['None'],Non_usability
NONE,Atom,frankhale,15,11,73,42,None,['None'],Non_usability
NONE,Atom,ryardley,1,10,133,2,None,['None'],Non_usability
NONE,Atom,Narven,1,12,34,2,None,['None'],Non_usability
NONE,Atom,deathernater,3,7,3,5,None,['None'],Non_usability
NONE,Atom,ahuezo,1,9,26,0,None,['None'],Non_usability
NONE,Atom,greatwolf,1,9,30,1,None,['None'],Non_usability
NONE,Atom,afanasy,1,10,52,1,None,['None'],Non_usability
NONE,Atom,angiolucci,1,8,13,0,None,['None'],Non_usability
NONE,Atom,paulmillr,4,10,66,22,None,['None'],Non_usability
NONE,Atom,kenygia,1,10,43,1,None,['None'],Non_usability
NONE,Atom,FELS-Zak,2,10,4,1,None,['None'],Non_usability
MEMBER,Atom,Fank,3,9,42,20,None,['None'],Non_usability
NONE,Atom,skandasoft,11,7,46,15,None,['None'],Non_usability
NONE,Atom,martpie,1,9,40,7,None,['None'],Non_usability
MEMBER,Atom,50Wliu,77,9,23,4067,Usability,"['None', 'Usability']",Both_role
NONE,Atom,SamuelMoy,1,7,6,1,None,['None'],Non_usability
NONE,Atom,protito,1,11,1,1,None,['None'],Non_usability
NONE,Atom,paulcruse3,4,7,3,11,None,['None'],Non_usability
NONE,Atom,ghost,1314,13,0,2181,Usability,"['None', 'Usability']",Both_role
CONTRIBUTOR,Atom,mark-hahn,57,10,130,418,None,['None'],Non_usability
NONE,Atom,victorhooi,3,11,29,4,None,['None'],Non_usability
NONE,Atom,jaredallard,2,9,100,1,None,['None'],Non_usability
NONE,Atom,ameuret,2,13,59,5,None,['None'],Non_usability
CONTRIBUTOR,Atom,philipgiuliani,19,8,67,111,None,['None'],Non_usability
CONTRIBUTOR,Atom,fenuks,2,10,15,0,None,['None'],Non_usability
NONE,Atom,aganglada,1,10,95,6,None,['None'],Non_usability
NONE,Atom,b0nk,1,8,18,2,None,['None'],Non_usability
NONE,Atom,alvations,1,10,361,0,None,['None'],Non_usability
NONE,Atom,mikenovikov,1,8,6,0,None,['None'],Non_usability
CONTRIBUTOR,Atom,colllin,9,11,115,13,Usability,['Usability'],Usability
NONE,Atom,tuminoid,4,10,12,11,None,['None'],Non_usability
NONE,Atom,PwnicornDev,1,8,6,1,None,['None'],Non_usability
CONTRIBUTOR,Atom,kelunik,11,9,166,27,Usability,"['Usability', 'None']",Both_role
NONE,Atom,kevinohara80,1,10,66,1,None,['None'],Non_usability
NONE,Atom,guillaume86,3,11,100,7,None,['None'],Non_usability
NONE,Atom,nshtg,8,8,81,25,None,['None'],Non_usability
NONE,Atom,bentolor,2,10,86,10,None,['None'],Non_usability
NONE,Atom,jwir3,5,10,67,5,Usability,['Usability'],Usability
NONE,Atom,tsujamin,1,9,47,2,None,['None'],Non_usability
NONE,Atom,valllabh,7,9,26,4,None,['None'],Non_usability
NONE,Atom,despairblue,25,10,176,83,None,['None'],Non_usability
NONE,Atom,robwhess,2,9,6,5,Usability,['Usability'],Usability
NONE,Atom,marcos-mestre,2,7,5,3,None,['None'],Non_usability
NONE,Atom,erwanjegouzo,1,11,16,1,None,['None'],Non_usability
NONE,Atom,technoweenie,13,13,178,20,None,['None'],Non_usability
NONE,Atom,jdsimcoe,1,11,132,9,None,['None'],Non_usability
NONE,Atom,jonasoberschweiber,1,13,49,1,None,['None'],Non_usability
CONTRIBUTOR,Atom,benogle,108,12,69,1569,None,['None'],Non_usability
NONE,Atom,phortx,3,12,23,12,None,['None'],Non_usability
NONE,Atom,ekremkaraca,3,10,7,8,None,['None'],Non_usability
NONE,Atom,joshleblanc,2,9,176,4,None,['None'],Non_usability
NONE,Atom,ultimapanzer,1,8,24,1,None,['None'],Non_usability
NONE,Atom,aviau,3,9,123,6,None,['None'],Non_usability
NONE,Atom,emnoor,1,9,3,0,None,['None'],Non_usability
CONTRIBUTOR,Atom,dyross,3,10,22,7,None,['None'],Non_usability
CONTRIBUTOR,Atom,kelunik,11,9,166,27,None,"['Usability', 'None']",Both_role
NONE,Atom,d2fn,3,12,57,4,None,"['None', 'Usability']",Both_role
CONTRIBUTOR,Atom,thedaniel,45,13,72,273,None,['None'],Non_usability
NONE,Atom,d2fn,3,12,57,4,Usability,"['None', 'Usability']",Both_role
MEMBER,Atom,kevinsawicki,160,10,197,2479,None,"['None', 'Usability']",Both_role
CONTRIBUTOR,Atom,jbarnette,40,13,75,95,None,"['None', 'Usability']",Both_role
CONTRIBUTOR,Atom,BinaryMuse,9,11,297,55,None,['None'],Non_usability
CONTRIBUTOR,Atom,zcbenz,19,10,30,235,None,['None'],Non_usability
NONE,Atom,jnunemaker,18,13,73,36,None,['None'],Non_usability
NONE,Atom,atom-bot,60,9,0,0,None,['None'],Non_usability
CONTRIBUTOR,Atom,joshaber,18,13,62,181,None,['None'],Non_usability
CONTRIBUTOR,Atom,jbarnette,40,13,75,95,Usability,"['None', 'Usability']",Both_role
NONE,Atom,jch,2,13,122,7,None,['None'],Non_usability
MEMBER,Atom,kevinsawicki,160,10,197,2479,Usability,"['None', 'Usability']",Both_role
CONTRIBUTOR,Atom,mcolyer,51,13,123,239,None,['None'],Non_usability
NONE,Atom,mattgraham,12,12,67,25,Usability,['Usability'],Usability
NONE,Atom,briandoll,4,13,59,4,None,['None'],Non_usability
NONE,Atom,ymendel,10,13,42,11,None,['None'],Non_usability
CONTRIBUTOR,Atom,mutle,11,13,62,32,None,['None'],Non_usability
CONTRIBUTOR,Atom,vinbarnes,5,13,140,6,None,['None'],Non_usability
CONTRIBUTOR,Atom,defunkt,36,14,107,57,None,['None'],Non_usability
NONE,Atom,bleikamp,8,13,41,7,None,['None'],Non_usability
CONTRIBUTOR,Atom,nathansobo,150,13,101,1350,None,['None'],Non_usability
NONE,Atom,probablycorey,105,13,81,482,None,['None'],Non_usability
NONE,Jupyter_Lab,stonebig,12,8,157,60,None,['None'],Non_usability
NONE,Jupyter_Lab,cqcn1991,6,9,8,7,None,['None'],Non_usability
CONTRIBUTOR,Jupyter_Lab,eskirk,10,7,41,36,None,"['None', 'Usability']",Both_role
CONTRIBUTOR,Jupyter_Lab,eskirk,10,7,41,36,Usability,"['None', 'Usability']",Both_role
CONTRIBUTOR,Jupyter_Lab,samvasko,2,9,50,9,None,['None'],Non_usability
CONTRIBUTOR,Jupyter_Lab,faricacarroll,4,5,10,9,Usability,['Usability'],Usability
CONTRIBUTOR,Jupyter_Lab,fperez,41,12,141,172,Usability,"['Usability', 'None']",Both_role
MEMBER,Jupyter_Lab,rnetro,2,5,22,15,None,['None'],Non_usability
NONE,Jupyter_Lab,asmeurer,3,12,205,13,None,['None'],Non_usability
NONE,Jupyter_Lab,eco32i,2,8,33,3,None,['None'],Non_usability
CONTRIBUTOR,Jupyter_Lab,sccolbert,31,12,26,381,None,['None'],Non_usability
NONE,Jupyter_Lab,projetmbc,7,12,16,10,None,['None'],Non_usability
NONE,Jupyter_Lab,TheDataLeek,4,10,65,5,None,['None'],Non_usability
NONE,Jupyter_Lab,quantology,3,8,7,3,None,['None'],Non_usability
CONTRIBUTOR,Jupyter_Lab,fperez,41,12,141,172,None,"['Usability', 'None']",Both_role
NONE,Jupyter_Lab,bgatessucks,0,9,7,0,None,['None'],Non_usability
NONE,Jupyter_Lab,c123w,1,5,21,0,None,['None'],Non_usability
CONTRIBUTOR,Jupyter_Lab,minrk,25,12,659,745,Usability,['Usability'],Usability
MEMBER,Jupyter_Lab,AbdealiJK,33,9,36,65,None,['None'],Non_usability
NONE,Jupyter_Lab,benigls,0,7,13,0,None,['None'],Non_usability
NONE,Jupyter_Lab,alireza202,2,7,9,4,None,['None'],Non_usability
NONE,Jupyter_Lab,rsinha25,16,5,3,32,None,['None'],Non_usability
MEMBER,Jupyter_Lab,dhuebner,5,11,22,2,None,['None'],Non_usability
CONTRIBUTOR,Jupyter_Lab,willingc,25,9,793,258,None,['None'],Non_usability
NONE,Jupyter_Lab,dclong,42,10,180,46,Usability,"['Usability', 'None']",Both_role
MEMBER,Jupyter_Lab,afshin,40,12,105,67,None,"['None', 'Usability']",Both_role
MEMBER,Jupyter_Lab,Zsailer,2,9,206,67,None,['None'],Non_usability
NONE,Jupyter_Lab,StevenCHowell,7,7,47,8,Usability,['Usability'],Usability
NONE,Jupyter_Lab,krvkir,3,8,12,10,None,"['None', 'Usability']",Both_role
NONE,Jupyter_Lab,hainm,15,8,244,46,Usability,"['Usability', 'None']",Both_role
NONE,Jupyter_Lab,dclong,42,10,180,46,None,"['Usability', 'None']",Both_role
NONE,Jupyter_Lab,youngtackpark,1,5,1,0,None,['None'],Non_usability
NONE,Jupyter_Lab,hnykda,4,9,44,6,Usability,['Usability'],Usability
MEMBER,Jupyter_Lab,akosyakov,37,9,96,35,None,['None'],Non_usability
NONE,Jupyter_Lab,marberi,5,9,3,12,None,['None'],Non_usability
NONE,Jupyter_Lab,ghost,1314,13,0,2181,None,"['None', 'Usability']",Both_role
NONE,Jupyter_Lab,cailiang9,10,8,37,15,None,['None'],Non_usability
CONTRIBUTOR,Jupyter_Lab,hadim,7,11,210,42,Usability,['Usability'],Usability
NONE,Jupyter_Lab,lincolnfrias,2,6,13,2,None,['None'],Non_usability
NONE,Jupyter_Lab,krvkir,3,8,12,10,Usability,"['None', 'Usability']",Both_role
CONTRIBUTOR,Jupyter_Lab,scottdraves,6,10,9,17,Usability,"['Usability', 'None']",Both_role
NONE,Jupyter_Lab,joonro,9,10,76,27,Usability,['Usability'],Usability
CONTRIBUTOR,Jupyter_Lab,Carreau,177,11,475,905,Usability,"['None', 'Usability']",Both_role
NONE,Jupyter_Lab,stephenholtz,6,10,38,6,None,['None'],Non_usability
NONE,Jupyter_Lab,DevMui,3,5,13,7,None,['None'],Non_usability
CONTRIBUTOR,Jupyter_Lab,choldgraf,22,9,312,72,Usability,['Usability'],Usability
NONE,Jupyter_Lab,hainm,15,8,244,46,None,"['Usability', 'None']",Both_role
NONE,Jupyter_Lab,pesap,1,9,10,0,None,['None'],Non_usability
MEMBER,Jupyter_Lab,stsievert,5,9,159,23,Usability,['Usability'],Usability
MEMBER,Jupyter_Lab,dhirschfeld,41,10,175,207,None,"['None', 'Usability']",Both_role
NONE,Jupyter_Lab,PhE,1,10,54,0,None,['None'],Non_usability
NONE,Jupyter_Lab,shelper,3,10,20,3,Usability,['Usability'],Usability
MEMBER,Jupyter_Lab,birdsarah,5,9,53,8,None,['None'],Non_usability
CONTRIBUTOR,Jupyter_Lab,josephofiowa,1,6,62,0,None,['None'],Non_usability
NONE,Jupyter_Lab,sdaza,1,9,26,0,None,['None'],Non_usability
NONE,Jupyter_Lab,mlwohls,2,10,18,1,None,['None'],Non_usability
NONE,Jupyter_Lab,michaelaye,28,12,134,79,None,"['None', 'Usability']",Both_role
NONE,Jupyter_Lab,rydeng,12,7,12,21,None,['None'],Non_usability
NONE,Jupyter_Lab,zoof,1,9,3,0,None,['None'],Non_usability
MEMBER,Jupyter_Lab,mrocklin,12,11,244,11,None,['None'],Non_usability
NONE,Jupyter_Lab,joaonatali,1,9,10,1,None,['None'],Non_usability
NONE,Jupyter_Lab,astrojuanlu,2,11,271,7,Usability,['Usability'],Usability
NONE,Jupyter_Lab,CptanPanic,1,8,27,3,None,['None'],Non_usability
NONE,Jupyter_Lab,mrinalraghupathi,4,10,12,2,None,['None'],Non_usability
NONE,Jupyter_Lab,michaelaye,28,12,134,79,Usability,"['None', 'Usability']",Both_role
NONE,Jupyter_Lab,tomkooij,1,7,85,1,None,['None'],Non_usability
NONE,Jupyter_Lab,raviladhar,1,7,15,2,None,['None'],Non_usability
NONE,Jupyter_Lab,fridgerator,2,9,63,7,None,['None'],Non_usability
MEMBER,Jupyter_Lab,apsknight,7,5,49,3,None,['None'],Non_usability
MEMBER,Jupyter_Lab,akhmerov,43,9,48,37,Usability,"['None', 'Usability']",Both_role
MEMBER,Jupyter_Lab,timkpaine,16,9,170,118,Usability,"['Usability', 'None']",Both_role
NONE,Jupyter_Lab,jlewi,1,10,76,5,None,['None'],Non_usability
MEMBER,Jupyter_Lab,timkpaine,16,9,170,118,None,"['Usability', 'None']",Both_role
NONE,Jupyter_Lab,mgiugliano,1,7,33,1,None,['None'],Non_usability
NONE,Jupyter_Lab,astrofrog,2,11,383,2,None,['None'],Non_usability
NONE,Jupyter_Lab,ZelphirKaltstahl,15,6,77,32,None,['None'],Non_usability
MEMBER,Jupyter_Lab,vidartf,35,11,124,504,None,['None'],Non_usability
MEMBER,Jupyter_Lab,SylvainCorlay,29,9,390,111,None,"['None', 'Usability']",Both_role
NONE,Jupyter_Lab,quant9,1,8,21,2,Usability,['Usability'],Usability
NONE,Jupyter_Lab,np-22,2,6,0,4,None,['None'],Non_usability
NONE,Jupyter_Lab,mjspeck,1,5,34,3,None,['None'],Non_usability
NONE,Jupyter_Lab,paddington0814,1,4,9,1,None,['None'],Non_usability
CONTRIBUTOR,Jupyter_Lab,greenkeeper[bot],1,5,0,0,None,['None'],Non_usability
NONE,Jupyter_Lab,MasonProtter,1,4,91,1,Usability,['Usability'],Usability
CONTRIBUTOR,Jupyter_Lab,jzf2101,19,9,67,81,Usability,['Usability'],Usability
NONE,Jupyter_Lab,cancan101,9,12,143,15,Usability,['Usability'],Usability
NONE,Jupyter_Lab,ramav87,1,6,13,0,None,['None'],Non_usability
NONE,Jupyter_Lab,danpf,3,6,23,3,Usability,['Usability'],Usability
CONTRIBUTOR,Jupyter_Lab,mimischi,1,10,25,2,Usability,['Usability'],Usability
NONE,Jupyter_Lab,mocquin,7,3,17,6,Usability,"['Usability', 'None']",Both_role
NONE,Jupyter_Lab,mdeff,2,7,26,5,None,['None'],Non_usability
NONE,Jupyter_Lab,NicWayand,1,10,67,3,Usability,['Usability'],Usability
NONE,Jupyter_Lab,javeeddanyal,1,5,20,0,None,['None'],Non_usability
CONTRIBUTOR,Jupyter_Lab,scottdraves,6,10,9,17,None,"['Usability', 'None']",Both_role
CONTRIBUTOR,Jupyter_Lab,gnestor,43,11,122,585,None,['None'],Non_usability
NONE,Jupyter_Lab,bobtodd,1,10,27,3,None,['None'],Non_usability
NONE,Jupyter_Lab,harveyslash,1,7,13,0,None,['None'],Non_usability
NONE,Jupyter_Lab,maverik-akagami,1,6,60,0,None,['None'],Non_usability
NONE,Jupyter_Lab,matanc1,1,8,9,0,None,['None'],Non_usability
NONE,Jupyter_Lab,ktc312,1,6,38,1,None,['None'],Non_usability
NONE,Jupyter_Lab,JarnoRFB,1,7,72,3,None,['None'],Non_usability
NONE,Jupyter_Lab,tfabbri,1,8,13,1,None,['None'],Non_usability
NONE,Jupyter_Lab,annazhelt,1,6,7,2,None,['None'],Non_usability
MEMBER,Jupyter_Lab,ian-r-rose,45,8,146,730,None,"['None', 'Usability']",Both_role
NONE,Jupyter_Lab,qria,1,8,71,0,Usability,['Usability'],Usability
MEMBER,Jupyter_Lab,domoritz,12,10,335,53,None,['None'],Non_usability
MEMBER,Jupyter_Lab,dhirschfeld,41,10,175,207,Usability,"['None', 'Usability']",Both_role
MEMBER,Jupyter_Lab,ian-r-rose,45,8,146,730,Usability,"['None', 'Usability']",Both_role
NONE,Jupyter_Lab,basnijholt,3,7,269,9,Usability,['Usability'],Usability
NONE,Jupyter_Lab,halhenke,4,9,134,9,None,['None'],Non_usability
CONTRIBUTOR,Jupyter_Lab,Carreau,177,11,475,905,None,"['None', 'Usability']",Both_role
MEMBER,Jupyter_Lab,biermeester,1,10,2,11,None,['None'],Non_usability
NONE,Jupyter_Lab,isalirezag,7,6,10,6,None,['None'],Non_usability
NONE,Jupyter_Lab,t-makaro,4,5,10,16,None,['None'],Non_usability
NONE,Jupyter_Lab,stephanie-howson,3,3,4,7,Usability,['Usability'],Usability
CONTRIBUTOR,Jupyter_Lab,claresloggett,1,9,65,1,Usability,['Usability'],Usability
CONTRIBUTOR,Jupyter_Lab,krinsman,6,4,2,13,None,['None'],Non_usability
MEMBER,Jupyter_Lab,akhmerov,43,9,48,37,None,"['None', 'Usability']",Both_role
CONTRIBUTOR,Jupyter_Lab,david-a-wheeler,1,10,70,7,None,['None'],Non_usability
NONE,Jupyter_Lab,rickhg12hs,4,8,2,4,Usability,"['Usability', 'None']",Both_role
NONE,Jupyter_Lab,WesleyTheGeolien,2,5,26,2,None,['None'],Non_usability
NONE,Jupyter_Lab,bikashdube,0,7,3,0,None,['None'],Non_usability
NONE,Jupyter_Lab,mocquin,7,3,17,6,None,"['Usability', 'None']",Both_role
NONE,Jupyter_Lab,santoshamohan,1,3,5,2,None,['None'],Non_usability
NONE,Jupyter_Lab,rickhg12hs,4,8,2,4,None,"['Usability', 'None']",Both_role
NONE,Jupyter_Lab,rickystream94,1,5,8,1,None,['None'],Non_usability
NONE,Jupyter_Lab,emgrace1233,1,3,0,0,Usability,['Usability'],Usability
NONE,Jupyter_Lab,jimcost,1,7,3,0,None,['None'],Non_usability
NONE,Jupyter_Lab,kenjioman,2,4,6,2,None,['None'],Non_usability
CONTRIBUTOR,Jupyter_Lab,tgeorgeux,22,5,37,76,Usability,['Usability'],Usability
NONE,Jupyter_Lab,pavanagrawal123,2,5,34,3,None,['None'],Non_usability
NONE,Jupyter_Lab,amueller,8,11,186,20,Usability,['Usability'],Usability
NONE,Jupyter_Lab,wmayner,1,9,47,2,None,['None'],Non_usability
NONE,Jupyter_Lab,cossio,13,6,71,19,Usability,"['Usability', 'None']",Both_role
NONE,Jupyter_Lab,alabamagan,1,6,39,1,None,['None'],Non_usability
NONE,Jupyter_Lab,jacobtomlinson,5,9,176,14,Usability,"['Usability', 'None']",Both_role
NONE,Jupyter_Lab,ghost,1314,13,0,2181,Usability,"['None', 'Usability']",Both_role
NONE,Jupyter_Lab,eoinmurray,2,9,32,1,None,['None'],Non_usability
CONTRIBUTOR,Jupyter_Lab,flying-sheep,10,11,372,40,Usability,['Usability'],Usability
NONE,Jupyter_Lab,sballin,2,9,24,7,None,['None'],Non_usability
NONE,Jupyter_Lab,ryan4yin,2,5,19,3,Usability,['Usability'],Usability
NONE,Jupyter_Lab,dbk123,2,5,1,16,None,['None'],Non_usability
NONE,Jupyter_Lab,PhilosopherZ,1,4,15,3,None,['None'],Non_usability
NONE,Jupyter_Lab,janba,1,9,6,4,None,['None'],Non_usability
MEMBER,Jupyter_Lab,mbektas,6,3,16,9,None,['None'],Non_usability
NONE,Jupyter_Lab,mellowjoey,1,2,1,2,None,['None'],Non_usability
NONE,Jupyter_Lab,felipebmendes,3,3,10,3,None,['None'],Non_usability
NONE,Jupyter_Lab,rajabricks,1,2,1,2,None,['None'],Non_usability
NONE,Jupyter_Lab,OleMussmann,1,6,20,0,None,['None'],Non_usability
NONE,Jupyter_Lab,kgiacobbi,1,2,0,0,None,['None'],Non_usability
NONE,Jupyter_Lab,cossio,13,6,71,19,None,"['Usability', 'None']",Both_role
NONE,Jupyter_Lab,w-hc,3,5,13,3,None,['None'],Non_usability
NONE,Jupyter_Lab,guillemglez,2,4,9,1,None,['None'],Non_usability
NONE,Jupyter_Lab,navdeeprana,1,5,4,0,None,['None'],Non_usability
MEMBER,Jupyter_Lab,afshin,40,12,105,239,Usability,"['None', 'Usability']",Both_role
NONE,Jupyter_Lab,Anton-Velikodnyy,1,4,10,7,None,['None'],Non_usability
NONE,Jupyter_Lab,dansondergaard,1,11,12,1,None,['None'],Non_usability
NONE,Jupyter_Lab,clapierre,3,7,3,0,Usability,['Usability'],Usability
NONE,Jupyter_Lab,Junipyr,1,3,2,1,None,['None'],Non_usability
CONTRIBUTOR,Jupyter_Lab,jasongrout,280,11,204,4241,Usability,"['None', 'Usability']",Both_role
NONE,Jupyter_Lab,DipadityaDas,2,4,66,3,None,['None'],Non_usability
NONE,Jupyter_Lab,mwouts,5,4,53,9,None,['None'],Non_usability
CONTRIBUTOR,Jupyter_Lab,Queuecumber,2,8,46,6,Usability,['Usability'],Usability
NONE,Jupyter_Lab,levidd,1,3,7,4,None,['None'],Non_usability
NONE,Jupyter_Lab,Liwellyen,1,4,0,1,None,['None'],Non_usability
NONE,Jupyter_Lab,AeneasZhu,7,3,2,6,None,['None'],Non_usability
NONE,Jupyter_Lab,evildmp,1,12,59,3,None,['None'],Non_usability
NONE,Jupyter_Lab,wqh17101,1,4,31,12,None,['None'],Non_usability
NONE,Jupyter_Lab,thammegowda,1,9,49,1,Usability,['Usability'],Usability
CONTRIBUTOR,Jupyter_Lab,joelostblom,6,8,128,23,None,['None'],Non_usability
NONE,Jupyter_Lab,MLBurnham,1,3,10,1,None,['None'],Non_usability
NONE,Jupyter_Lab,robnagler,3,8,19,5,None,['None'],Non_usability
CONTRIBUTOR,Jupyter_Lab,mlucool,28,9,64,37,Usability,['Usability'],Usability
NONE,Jupyter_Lab,ianpdavies,1,5,9,1,None,['None'],Non_usability
NONE,Jupyter_Lab,wikwok,1,4,9,1,None,['None'],Non_usability
MEMBER,Jupyter_Lab,saulshanabrook,33,10,317,407,None,['None'],Non_usability
NONE,Jupyter_Lab,loremauro98,1,2,1,5,None,['None'],Non_usability
NONE,Jupyter_Lab,ShuoZ9379,1,4,11,1,None,['None'],Non_usability
NONE,Jupyter_Lab,zapsdus,1,3,2,1,None,['None'],Non_usability
MEMBER,Jupyter_Lab,fcollonval,42,7,138,92,Usability,"['Usability', 'None']",Both_role
MEMBER,Jupyter_Lab,jtpio,55,10,265,216,Usability,"['None', 'Usability']",Both_role
NONE,Jupyter_Lab,jiaqianjing,1,6,195,0,None,['None'],Non_usability
MEMBER,Jupyter_Lab,afshin,40,12,105,239,None,"['None', 'Usability']",Both_role
NONE,Jupyter_Lab,Juan-132,2,1,0,5,None,['None'],Non_usability
NONE,Jupyter_Lab,umerhasan17,1,5,28,1,None,['None'],Non_usability
NONE,Jupyter_Lab,andyhegedus,1,3,1,16,None,['None'],Non_usability
NONE,Jupyter_Lab,mike-matera,1,9,41,2,None,['None'],Non_usability
NONE,Jupyter_Lab,tarrade,1,6,9,2,None,['None'],Non_usability
CONTRIBUTOR,Jupyter_Lab,edzkite,4,2,0,21,Usability,['Usability'],Usability
CONTRIBUTOR,Jupyter_Lab,nguyenmanh1507,1,7,118,0,None,['None'],Non_usability
CONTRIBUTOR,Jupyter_Lab,stefansimik,6,8,0,15,None,['None'],Non_usability
NONE,Jupyter_Lab,aquirdTurtle,9,8,10,13,Usability,['Usability'],Usability
NONE,Jupyter_Lab,stevenruidigao,1,6,48,0,None,['None'],Non_usability
NONE,Jupyter_Lab,sammy-shao,1,4,18,2,None,['None'],Non_usability
NONE,Jupyter_Lab,allenzhao,1,8,43,1,None,['None'],Non_usability
NONE,Jupyter_Lab,jtnath,1,8,15,4,None,['None'],Non_usability
NONE,Jupyter_Lab,al3hishek,1,7,15,1,None,['None'],Non_usability
NONE,Jupyter_Lab,kris-singh,1,6,49,0,None,['None'],Non_usability
NONE,Jupyter_Lab,LukaPitamic,2,4,3,8,Usability,['Usability'],Usability
NONE,Jupyter_Lab,pmarcellino,1,2,2,3,None,['None'],Non_usability
NONE,Jupyter_Lab,ahmadmustafaanis,1,2,15,1,None,['None'],Non_usability
CONTRIBUTOR,Jupyter_Lab,echarles,21,11,2,178,None,['None'],Non_usability
NONE,Jupyter_Lab,manics,2,9,247,0,None,['None'],Non_usability
MEMBER,Jupyter_Lab,blink1073,262,9,265,2932,Usability,"['None', 'Usability']",Both_role
MEMBER,Jupyter_Lab,blink1073,262,9,265,2932,None,"['None', 'Usability']",Both_role
CONTRIBUTOR,Jupyter_Lab,ellisonbg,275,13,189,1234,None,"['Usability', 'None']",Both_role
CONTRIBUTOR,Jupyter_Lab,ellisonbg,275,13,189,1234,Usability,"['Usability', 'None']",Both_role
NONE,Jupyter_Lab,zilbert97,1,1,12,1,None,['None'],Non_usability
NONE,Jupyter_Lab,aniket02k,1,5,3,0,None,['None'],Non_usability
CONTRIBUTOR,Jupyter_Lab,jasongrout,280,11,204,4241,None,"['None', 'Usability']",Both_role
NONE,Jupyter_Lab,jgreenwo34,1,1,4,1,None,['None'],Non_usability
NONE,Jupyter_Lab,SatanikRay91,1,3,5,3,None,['None'],Non_usability
CONTRIBUTOR,Jupyter_Lab,ajbozarth,6,6,25,48,None,['None'],Non_usability
NONE,Jupyter_Lab,TK-21st,8,4,36,6,None,['None'],Non_usability
NONE,Jupyter_Lab,scottwsides,5,6,0,18,None,['None'],Non_usability
NONE,Jupyter_Lab,moghtader,1,8,1,0,Usability,['Usability'],Usability
NONE,Jupyter_Lab,tirumerla,4,2,9,11,None,['None'],Non_usability
NONE,Jupyter_Lab,nspiller,1,4,7,0,None,['None'],Non_usability
NONE,Jupyter_Lab,mattzque,1,3,11,0,Usability,['Usability'],Usability
NONE,Jupyter_Lab,ptitzler,1,6,84,2,None,['None'],Non_usability
NONE,Jupyter_Lab,CodeCox,1,3,8,1,None,['None'],Non_usability
CONTRIBUTOR,Jupyter_Lab,agoose77,5,10,137,69,None,['None'],Non_usability
NONE,Jupyter_Lab,ItamarShDev,1,10,33,1,Usability,['Usability'],Usability
NONE,Jupyter_Lab,And370,1,4,11,3,None,['None'],Non_usability
NONE,Jupyter_Lab,birdalugureren,1,4,17,0,None,['None'],Non_usability
MEMBER,Jupyter_Lab,JohanMabille,1,7,181,6,None,['None'],Non_usability
NONE,Jupyter_Lab,vlavorini,2,7,8,1,None,['None'],Non_usability
NONE,Jupyter_Lab,cannonja,1,7,18,1,None,['None'],Non_usability
NONE,Jupyter_Lab,wmhcqw,1,1,4,2,Usability,['Usability'],Usability
NONE,Jupyter_Lab,julianrosen,1,5,11,0,None,['None'],Non_usability
NONE,Jupyter_Lab,tobycc1990,1,7,15,2,None,['None'],Non_usability
NONE,Jupyter_Lab,Sid281216,1,1,0,3,None,['None'],Non_usability
CONTRIBUTOR,Jupyter_Lab,DianeHu,2,4,12,5,Usability,['Usability'],Usability
NONE,Jupyter_Lab,humbledude,1,6,31,2,None,['None'],Non_usability
NONE,Jupyter_Lab,felixxcheng,1,1,0,2,None,['None'],Non_usability
MEMBER,Jupyter_Lab,hbcarlos,7,4,43,11,None,['None'],Non_usability
NONE,Jupyter_Lab,chwrtlprmft,1,1,6,6,None,['None'],Non_usability
CONTRIBUTOR,Jupyter_Lab,ianhi,11,7,108,46,None,['None'],Non_usability
MEMBER,Jupyter_Lab,jtpio,55,10,265,216,None,"['None', 'Usability']",Both_role
MEMBER,Jupyter_Lab,vkaidalov-rft,1,0,1,0,Usability,['Usability'],Usability
MEMBER,Jupyter_Lab,SylvainCorlay,29,9,390,111,Usability,"['None', 'Usability']",Both_role
NONE,Jupyter_Lab,thoward27,1,6,15,0,None,['None'],Non_usability
MEMBER,Jupyter_Lab,fcollonval,42,7,138,92,None,"['Usability', 'None']",Both_role
MEMBER,Jupyter_Lab,dmonad,1,8,40,6,None,['None'],Non_usability
NONE,Jupyter_Lab,gloryVine,1,5,3,2,Usability,['Usability'],Usability
NONE,Jupyter_Lab,StefanBrand,3,7,25,4,None,['None'],Non_usability
NONE,Jupyter_Lab,jacobtomlinson,5,9,176,14,None,"['Usability', 'None']",Both_role
MEMBER,Jupyter_Lab,krassowski,39,8,151,200,None,['None'],Non_usability
MEMBER,Google_Colab,craigcitro,2,11,78,503,None,['None'],Non_usability
CONTRIBUTOR,Google_Colab,blois,11,9,60,1,None,"['None', 'Usability']",Both_role
NONE,Google_Colab,yiga2,1,4,2,1,None,['None'],Non_usability
NONE,Google_Colab,qbx2,1,8,61,0,Usability,['Usability'],Usability
NONE,Google_Colab,briancullinan,5,4,96,22,None,['None'],Non_usability
NONE,Google_Colab,gaceladri,1,7,79,0,None,['None'],Non_usability
NONE,Google_Colab,prajjwal1,1,5,28,0,None,['None'],Non_usability
NONE,Google_Colab,JaveriaAkbar,1,5,1,3,None,['None'],Non_usability
NONE,Google_Colab,amit-eee,1,6,31,1,None,['None'],Non_usability
NONE,Google_Colab,jonschull,2,12,33,2,None,['None'],Non_usability
NONE,Google_Colab,aaryapatel007,0,4,19,0,None,['None'],Non_usability
NONE,Google_Colab,lefant,1,12,51,2,None,['None'],Non_usability
NONE,Google_Colab,ArEnSc,1,8,79,0,None,['None'],Non_usability
NONE,Google_Colab,BrazilForever11,2,6,6,0,None,['None'],Non_usability
NONE,Google_Colab,Rhuax,1,7,19,0,None,['None'],Non_usability
NONE,Google_Colab,RParedesPalacios,1,5,10,4,None,['None'],Non_usability
NONE,Google_Colab,stevessschen,1,3,5,0,None,['None'],Non_usability
NONE,Google_Colab,westurner,3,12,400,3,None,['None'],Non_usability
NONE,Google_Colab,pedroveloso13,1,6,12,4,None,['None'],Non_usability
NONE,Google_Colab,eliezerfb,1,4,41,2,None,['None'],Non_usability
NONE,Google_Colab,varunnrao,1,4,6,2,None,['None'],Non_usability
NONE,Google_Colab,swnesbitt,2,8,53,2,None,['None'],Non_usability
NONE,Google_Colab,gaitskell,2,8,1,0,None,['None'],Non_usability
NONE,Google_Colab,saintthor,2,8,9,5,Usability,['Usability'],Usability
NONE,Google_Colab,Lazy-Propagator,1,5,10,0,None,['None'],Non_usability
NONE,Google_Colab,vinzeebreak,1,5,11,1,None,['None'],Non_usability
NONE,Google_Colab,Omegastick,1,5,23,2,None,['None'],Non_usability
NONE,Google_Colab,andrenmo,1,5,0,1,None,['None'],Non_usability
NONE,Google_Colab,balavenkatesh3322,0,5,30,0,None,['None'],Non_usability
NONE,Google_Colab,LastSamurai333,1,4,6,0,None,['None'],Non_usability
NONE,Google_Colab,koshygeoji,1,3,17,0,None,['None'],Non_usability
NONE,Google_Colab,Androbin,2,6,63,5,None,['None'],Non_usability
NONE,Google_Colab,vedal,3,5,12,1,Usability,['Usability'],Usability
NONE,Google_Colab,hermesribeiro,1,6,13,0,None,['None'],Non_usability
NONE,Google_Colab,angshusuri,1,4,5,0,None,['None'],Non_usability
NONE,Google_Colab,mattjs,0,9,15,0,None,['None'],Non_usability
NONE,Google_Colab,stewart-r,1,8,55,1,None,['None'],Non_usability
NONE,Google_Colab,WillArevalo,0,5,95,0,Usability,['Usability'],Usability
NONE,Google_Colab,omrylcn,1,5,20,0,None,['None'],Non_usability
NONE,Google_Colab,jonbaer,1,13,287,0,None,['None'],Non_usability
NONE,Google_Colab,avinashsai,2,5,87,7,None,['None'],Non_usability
NONE,Google_Colab,shivaniNK8,0,7,6,0,None,['None'],Non_usability
NONE,Google_Colab,sugatoray,1,7,67,0,None,['None'],Non_usability
NONE,Google_Colab,chauhanakash23,1,4,23,0,None,['None'],Non_usability
NONE,Google_Colab,dwy904,1,6,6,3,Usability,['Usability'],Usability
NONE,Google_Colab,prantostic,1,6,11,0,None,['None'],Non_usability
NONE,Google_Colab,Yumolan,1,3,1,0,None,['None'],Non_usability
NONE,Google_Colab,kechan,4,12,23,7,None,['None'],Non_usability
NONE,Google_Colab,flipflopbboi,3,3,4,4,None,['None'],Non_usability
NONE,Google_Colab,ballcap231,1,3,34,3,None,['None'],Non_usability
NONE,Google_Colab,mantou16,1,7,6,0,None,['None'],Non_usability
NONE,Google_Colab,paulgureghian,5,7,110,3,None,"['None', 'Usability']",Both_role
NONE,Google_Colab,aprbw,1,3,6,1,None,['None'],Non_usability
NONE,Google_Colab,bilalsoomro,1,7,18,2,None,['None'],Non_usability
NONE,Google_Colab,tumble-weed,2,7,52,2,None,['None'],Non_usability
NONE,Google_Colab,vithmel,1,6,3,1,None,['None'],Non_usability
NONE,Google_Colab,Erickrus,1,9,43,1,None,['None'],Non_usability
NONE,Google_Colab,tl-yang,1,4,10,0,None,['None'],Non_usability
NONE,Google_Colab,moonshoes87,1,9,13,2,None,['None'],Non_usability
NONE,Google_Colab,discdiver,3,7,128,4,None,['None'],Non_usability
NONE,Google_Colab,dyl4nm4rsh4ll,2,6,2,0,None,"['None', 'Usability']",Both_role
NONE,Google_Colab,gogela,1,8,14,1,None,['None'],Non_usability
NONE,Google_Colab,ShumzZ,1,5,5,1,None,['None'],Non_usability
NONE,Google_Colab,phly95,1,8,3,0,None,['None'],Non_usability
NONE,Google_Colab,siddhu619,1,5,3,1,None,['None'],Non_usability
NONE,Google_Colab,denfromufa,1,7,179,4,Usability,"['Usability', 'None']",Both_role
NONE,Google_Colab,shyamalschandra,4,7,2010,3,None,['None'],Non_usability
NONE,Google_Colab,furbyman,1,3,4,0,None,['None'],Non_usability
NONE,Google_Colab,ale0xb,1,11,37,0,None,['None'],Non_usability
NONE,Google_Colab,reiinakano,1,5,75,0,None,['None'],Non_usability
NONE,Google_Colab,davidkant,1,8,25,1,None,['None'],Non_usability
NONE,Google_Colab,joefriel,1,8,0,1,None,['None'],Non_usability
NONE,Google_Colab,frhyme,1,7,8,2,None,['None'],Non_usability
CONTRIBUTOR,Google_Colab,colaboratory-team,1,3,2,401,None,['None'],Non_usability
NONE,Google_Colab,Melanol,2,4,6,4,None,['None'],Non_usability
NONE,Google_Colab,kmaehashi,1,10,156,1,None,['None'],Non_usability
NONE,Google_Colab,zeki6,1,3,1,0,None,['None'],Non_usability
NONE,Google_Colab,sergiosonline,1,3,12,0,Usability,['Usability'],Usability
NONE,Google_Colab,noblakit01,1,8,45,1,None,['None'],Non_usability
NONE,Google_Colab,esemeniuc,2,8,99,1,None,['None'],Non_usability
NONE,Google_Colab,KarthikMgk,1,3,22,0,None,['None'],Non_usability
NONE,Google_Colab,Amit1110,1,6,16,0,Usability,['Usability'],Usability
NONE,Google_Colab,ogenev,1,3,23,2,None,['None'],Non_usability
NONE,Google_Colab,bacloud14,1,7,48,0,None,['None'],Non_usability
NONE,Google_Colab,ericricky,2,3,8,5,Usability,['Usability'],Usability
NONE,Google_Colab,naffan2014,1,7,21,0,None,['None'],Non_usability
NONE,Google_Colab,Ali-Abdelkhalek,1,3,2,2,None,['None'],Non_usability
NONE,Google_Colab,renedlog,1,6,22,0,None,['None'],Non_usability
NONE,Google_Colab,Dkreitzer,1,3,23,0,Usability,['Usability'],Usability
NONE,Google_Colab,Kd710306,1,4,16,0,None,['None'],Non_usability
NONE,Google_Colab,maggiezha,1,3,8,1,None,['None'],Non_usability
NONE,Google_Colab,vb2005,1,6,5,0,None,['None'],Non_usability
NONE,Google_Colab,AdityaOli,1,7,60,0,None,['None'],Non_usability
NONE,Google_Colab,ZackPashkin,1,3,101,1,None,['None'],Non_usability
NONE,Google_Colab,reddragon,1,11,70,2,Usability,['Usability'],Usability
NONE,Google_Colab,skepticalsports,1,7,1,0,Usability,['Usability'],Usability
NONE,Google_Colab,johnnykost,1,7,1,0,None,['None'],Non_usability
CONTRIBUTOR,Google_Colab,blois,11,9,60,389,Usability,"['None', 'Usability']",Both_role
NONE,Google_Colab,paulgureghian,5,7,110,3,Usability,"['None', 'Usability']",Both_role
NONE,Google_Colab,denfromufa,1,7,179,4,None,"['Usability', 'None']",Both_role
NONE,Google_Colab,surya-palaniswamy,1,5,13,0,None,['None'],Non_usability
NONE,Google_Colab,vainaijr,21,3,19,0,Usability,"['Usability', 'None']",Both_role
NONE,Google_Colab,Nibba2018,1,4,77,0,None,['None'],Non_usability
NONE,Google_Colab,arunsubk,2,3,9,2,Usability,['Usability'],Usability
NONE,Google_Colab,silversillu,1,7,15,1,None,['None'],Non_usability
NONE,Google_Colab,rajatmodi62,1,7,62,0,None,['None'],Non_usability
NONE,Google_Colab,Santosh-Gupta,7,8,48,11,Usability,"['Usability', 'None']",Both_role
NONE,Google_Colab,ManzarIMalik,1,4,13,4,None,['None'],Non_usability
CONTRIBUTOR,Google_Colab,blois,11,9,60,389,None,"['None', 'Usability']",Both_role
NONE,Google_Colab,Dvir1992,1,2,1,0,None,['None'],Non_usability
NONE,Google_Colab,letanloc1998,2,4,29,2,None,['None'],Non_usability
NONE,Google_Colab,joyjitchatterjee,1,5,31,0,None,['None'],Non_usability
NONE,Google_Colab,kokkinosv,1,4,7,0,None,['None'],Non_usability
NONE,Google_Colab,harsh3698,1,3,7,0,None,['None'],Non_usability
NONE,Google_Colab,kongjunt,1,2,0,0,None,['None'],Non_usability
NONE,Google_Colab,forever208,1,3,14,0,None,['None'],Non_usability
NONE,Google_Colab,jakepezaro,1,7,0,2,None,['None'],Non_usability
NONE,Google_Colab,manojneuro,18,4,5,0,None,"['None', 'Usability']",Both_role
NONE,Google_Colab,manojneuro,18,4,5,0,Usability,"['None', 'Usability']",Both_role
NONE,Google_Colab,ankit-patel-1404,1,3,0,0,None,['None'],Non_usability
NONE,Google_Colab,root-ethanhunt,1,2,19,0,None,['None'],Non_usability
NONE,Google_Colab,vainaijr,21,3,19,13,Usability,"['Usability', 'None']",Both_role
NONE,Google_Colab,yash04singh,1,5,7,0,None,['None'],Non_usability
NONE,Google_Colab,fareshan,1,6,3,1,Usability,['Usability'],Usability
NONE,Google_Colab,eda-ricercatore,1,5,53,0,None,['None'],Non_usability
NONE,Google_Colab,soumith,7,9,163,8,None,['None'],Non_usability
NONE,Google_Colab,WenshanLiang,1,3,8,1,None,['None'],Non_usability
NONE,Google_Colab,lukereichold,1,10,60,1,Usability,['Usability'],Usability
NONE,Google_Colab,beli,1,12,3,2,None,['None'],Non_usability
NONE,Google_Colab,abdallah197,1,4,17,1,None,['None'],Non_usability
NONE,Google_Colab,dyl4nm4rsh4ll,2,6,2,0,Usability,"['None', 'Usability']",Both_role
NONE,Google_Colab,uramer,1,9,18,0,None,['None'],Non_usability
NONE,Google_Colab,cytotechnologist,1,2,1,0,None,['None'],Non_usability
NONE,Google_Colab,junwen-austin,2,3,4,1,None,['None'],Non_usability
NONE,Google_Colab,karanaryan07,1,3,34,0,Usability,['Usability'],Usability
NONE,Google_Colab,mc51,1,4,16,1,None,['None'],Non_usability
NONE,Google_Colab,NikhilG50,1,3,11,0,None,['None'],Non_usability
NONE,Google_Colab,Tylersuard,3,3,53,0,None,['None'],Non_usability
NONE,Google_Colab,NicolasMontes,0,4,4,0,None,['None'],Non_usability
NONE,Google_Colab,WXslaughter,1,1,1,4,None,['None'],Non_usability
NONE,Google_Colab,amlaaniiitd,1,1,0,0,None,['None'],Non_usability
NONE,Google_Colab,Army1996,0,1,1,0,None,['None'],Non_usability
NONE,Google_Colab,kirk86,1,9,220,2,None,['None'],Non_usability
NONE,Google_Colab,kiranchhetri1,4,1,14,1,None,['None'],Non_usability
NONE,Google_Colab,Pacerzhujiang0112,1,1,13,1,None,['None'],Non_usability
NONE,Google_Colab,YucelPeynirci,1,4,5,2,None,['None'],Non_usability
NONE,Google_Colab,ganeshmastud,1,2,26,0,None,['None'],Non_usability
NONE,Google_Colab,paulnicholas,1,8,4,0,None,['None'],Non_usability
NONE,Google_Colab,4hseproject,1,3,3,0,None,['None'],Non_usability
NONE,Google_Colab,sdierauf,1,9,128,0,None,['None'],Non_usability
NONE,Google_Colab,harshdhamecha,1,1,13,0,None,['None'],Non_usability
NONE,Google_Colab,hima111997,1,2,21,0,None,['None'],Non_usability
NONE,Google_Colab,agodon,1,3,1,0,None,['None'],Non_usability
NONE,Google_Colab,nilotpalc,1,1,7,0,None,['None'],Non_usability
NONE,Google_Colab,chervov,1,9,4,0,None,['None'],Non_usability
NONE,Google_Colab,cositotito,0,2,58,0,None,['None'],Non_usability
NONE,Google_Colab,sp7412,0,8,7,0,None,['None'],Non_usability
NONE,Google_Colab,elizabethswkim,1,2,1,1,None,['None'],Non_usability
NONE,Google_Colab,artirocks,0,2,40,0,None,['None'],Non_usability
NONE,Google_Colab,jraman,1,12,52,0,None,['None'],Non_usability
NONE,Google_Colab,TabithaKO,1,2,37,0,None,['None'],Non_usability
NONE,Google_Colab,jianmosier,2,5,13,3,None,['None'],Non_usability
NONE,Google_Colab,ALK26,1,1,3,0,None,['None'],Non_usability
NONE,Google_Colab,zaharyonok,1,4,4,0,None,['None'],Non_usability
NONE,Google_Colab,vsanz,1,8,7,0,None,['None'],Non_usability
NONE,Google_Colab,Danc2050,1,4,25,6,Usability,['Usability'],Usability
NONE,Google_Colab,Pinh13,1,1,3,0,None,['None'],Non_usability
NONE,Google_Colab,me-my-aloha,2,1,0,0,None,['None'],Non_usability
NONE,Google_Colab,manichaw,1,1,3,0,None,['None'],Non_usability
NONE,Google_Colab,cameliaburlacu98,1,2,6,0,None,['None'],Non_usability
NONE,Google_Colab,dshalin,1,7,0,0,None,['None'],Non_usability
NONE,Google_Colab,sinclairjang,1,2,3,0,None,['None'],Non_usability
NONE,Google_Colab,sd2001,1,2,55,0,Usability,['Usability'],Usability
NONE,Google_Colab,deeppatel4557,1,2,11,0,None,['None'],Non_usability
NONE,Google_Colab,bikcrum,2,5,102,1,Usability,['Usability'],Usability
NONE,Google_Colab,AllenAnsari,1,2,8,1,None,['None'],Non_usability
NONE,Google_Colab,Bertik23,1,3,43,1,None,['None'],Non_usability
NONE,Google_Colab,wishforgood,1,7,23,1,Usability,['Usability'],Usability
NONE,Google_Colab,ghsama,1,5,2,0,None,['None'],Non_usability
NONE,Google_Colab,gd404,1,2,4,0,None,['None'],Non_usability
NONE,Google_Colab,shoyer,2,10,82,2,Usability,['Usability'],Usability
NONE,Google_Colab,ChandlerTayek,1,7,29,1,None,['None'],Non_usability
NONE,Google_Colab,SeePetulaCode,1,4,48,1,None,['None'],Non_usability
NONE,Google_Colab,neonbjb,1,10,33,0,None,['None'],Non_usability
NONE,Google_Colab,Ritesh313,1,3,18,2,None,['None'],Non_usability
NONE,Google_Colab,dikshaaswal,1,6,13,1,None,['None'],Non_usability
NONE,Google_Colab,besscella,1,1,0,0,None,['None'],Non_usability
NONE,Google_Colab,Santosh-Gupta,7,8,48,11,None,"['Usability', 'None']",Both_role
NONE,Google_Colab,1-owo-1,1,1,0,0,None,['None'],Non_usability
NONE,Google_Colab,rchurt,3,6,15,7,None,['None'],Non_usability
NONE,Google_Colab,kamalWam,1,8,9,0,None,['None'],Non_usability
NONE,Google_Colab,Ehab-Hegazi,1,2,17,0,None,['None'],Non_usability
NONE,Google_Colab,FarazNadeem22,1,1,5,4,None,['None'],Non_usability
NONE,Google_Colab,nneibaue,1,7,9,1,None,['None'],Non_usability
NONE,Google_Colab,qraleq,1,6,9,2,None,['None'],Non_usability
NONE,Google_Colab,Hohahahaoahaah,1,1,0,0,None,['None'],Non_usability
NONE,Google_Colab,vainaijr,21,3,19,13,None,"['Usability', 'None']",Both_role
NONE,Google_Colab,Neubauer-A,0,1,7,0,None,['None'],Non_usability
NONE,Google_Colab,sathvikng,1,2,17,0,None,['None'],Non_usability
NONE,Google_Colab,thomasdkelly,1,4,8,0,None,['None'],Non_usability
NONE,Google_Colab,Ahmed-Alghliz,1,1,2,0,None,['None'],Non_usability
NONE,Google_Colab,jielu0728,1,6,10,0,None,['None'],Non_usability
NONE,Google_Colab,alongstar518,1,6,53,0,None,['None'],Non_usability
NONE,Google_Colab,LIANGNAIJEN,2,2,3,4,None,['None'],Non_usability
NONE,Google_Colab,JulianneLee,1,4,6,1,None,['None'],Non_usability
NONE,Google_Colab,sajanraj,1,4,54,1,None,['None'],Non_usability
NONE,Google_Colab,miracle6719,2,1,0,0,None,['None'],Non_usability
NONE,Google_Colab,kkruups,1,9,29,1,None,['None'],Non_usability
NONE,Google_Colab,hxrnedserpent,1,1,1,0,Usability,['Usability'],Usability
NONE,Google_Colab,JUNGYO,0,5,13,0,None,['None'],Non_usability
NONE,Google_Colab,1996SEJR,1,3,4,1,None,['None'],Non_usability
NONE,Google_Colab,Nibedita84,1,4,0,1,None,['None'],Non_usability
NONE,Google_Colab,AnandaSP,0,1,3,0,None,['None'],Non_usability
NONE,Google_Colab,ruchikalalit,1,3,1,1,None,['None'],Non_usability
NONE,Google_Colab,vikalpjain91,4,6,7,17,None,['None'],Non_usability
NONE,Google_Colab,RicCu,1,7,14,1,None,['None'],Non_usability
NONE,Google_Colab,Mr0grog,1,12,99,1,Usability,['Usability'],Usability
NONE,Google_Colab,abehzad,1,3,4,0,None,['None'],Non_usability
NONE,Google_Colab,world2vec,3,7,36,8,None,['None'],Non_usability
NONE,Google_Colab,josephrocca,2,10,92,1,None,['None'],Non_usability
NONE,Google_Colab,shivanisisodia7,1,1,7,0,None,['None'],Non_usability
NONE,Google_Colab,Themrpie,1,1,0,0,None,['None'],Non_usability
NONE,Google_Colab,baymak,1,5,2,1,None,['None'],Non_usability
NONE,Google_Colab,ghost,1314,13,0,2181,None,['None'],Non_usability
NONE,Google_Colab,celsofranssa,1,6,21,1,None,['None'],Non_usability
NONE,Google_Colab,waxb,1,7,15,1,None,['None'],Non_usability
NONE,Google_Colab,Th3-M3nt0r,1,3,5,0,None,['None'],Non_usability
NONE,Google_Colab,Smankusors,1,7,24,5,None,['None'],Non_usability
NONE,Google_Colab,jalgalvis,1,3,6,0,None,['None'],Non_usability
NONE,Google_Colab,JonathanSum,1,5,96,3,None,['None'],Non_usability
NONE,Google_Colab,tigersoldier,1,11,34,0,None,['None'],Non_usability
NONE,Google_Colab,jhihn,1,8,12,0,None,['None'],Non_usability
NONE,Google_Colab,ShadiyaIffath,1,4,15,0,None,['None'],Non_usability
NONE,Google_Colab,davetew,1,5,7,1,None,['None'],Non_usability
NONE,Google_Colab,st12343,2,1,0,2,None,['None'],Non_usability
NONE,Google_Colab,varundhingra004,1,6,10,3,None,['None'],Non_usability
NONE,Google_Colab,kesterlester,1,9,8,0,None,['None'],Non_usability
NONE,Google_Colab,seemethere,7,9,178,2,None,['None'],Non_usability
NONE,Google_Colab,hhien,1,5,4,0,None,['None'],Non_usability
NONE,Google_Colab,dpesios,1,5,2,0,None,['None'],Non_usability
NONE,Google_Colab,ip2211,1,2,3,0,None,['None'],Non_usability
NONE,Google_Colab,mfiro,2,2,17,0,None,['None'],Non_usability
NONE,Google_Colab,RushnaiwalaTaki,1,4,13,0,None,['None'],Non_usability
NONE,Google_Colab,chubbant,1,8,1,1,None,['None'],Non_usability
NONE,Google_Colab,Thushar-marvel,1,1,10,0,None,['None'],Non_usability
NONE,Google_Colab,matovu-farid,1,1,10,0,None,['None'],Non_usability
NONE,Google_Colab,kinna082,1,5,3,0,None,['None'],Non_usability
NONE,Google_Colab,jameshfisher,5,12,157,2,None,['None'],Non_usability
NONE,Google_Colab,sirinath,4,10,170,0,None,['None'],Non_usability
NONE,Google_Colab,matteo-ticli,1,1,3,0,None,['None'],Non_usability
NONE,Google_Colab,chandukiran13,1,3,8,0,None,['None'],Non_usability
NONE,Google_Colab,snakuch1,1,0,0,1,None,['None'],Non_usability
NONE,Google_Colab,hhoppe,1,6,10,0,Usability,['Usability'],Usability
NONE,Google_Colab,ender-wieczorek,1,5,0,1,None,['None'],Non_usability
NONE,Google_Colab,pleabargain,11,10,76,36,None,['None'],Non_usability
NONE,Google_Colab,ljluisjimenez12,1,0,0,0,None,['None'],Non_usability
NONE,Google_Colab,MrZethaz,1,0,3,1,None,['None'],Non_usability
NONE,Google_Colab,vitocorleone2000,1,2,4,1,None,['None'],Non_usability
NONE,Google_Colab,flydragon2018,1,3,56,0,Usability,['Usability'],Usability
NONE,Google_Colab,Aivean,1,9,31,0,Usability,['Usability'],Usability
NONE,Google_Colab,Azure-Tang,1,2,11,0,None,['None'],Non_usability
NONE,Google_Colab,chillaxkrish,2,1,3,0,None,['None'],Non_usability
NONE,Google_Colab,Sajal-1,1,3,0,1,None,['None'],Non_usability
NONE,Google_Colab,fatajima,2,0,1,0,None,['None'],Non_usability
NONE,Google_Colab,totoadel,1,5,10,0,None,['None'],Non_usability
NONE,Google_Colab,Marimuthu0403,1,0,0,0,None,['None'],Non_usability
NONE,Google_Colab,TaskManager91,1,7,13,0,None,['None'],Non_usability
NONE,Google_Colab,Vasthard5537,1,0,0,0,None,['None'],Non_usability
NONE,Google_Colab,manojravuri,1,5,5,0,None,['None'],Non_usability
NONE,Google_Colab,JDH1729,1,0,0,2,None,['None'],Non_usability
NONE,Google_Colab,saakshi077,1,2,4,1,None,['None'],Non_usability
NONE,Google_Colab,Patrickbro13,1,2,0,2,None,['None'],Non_usability
NONE,Google_Colab,t10782,0,7,1,0,None,['None'],Non_usability
NONE,Google_Colab,mRcSchwering,1,5,27,1,None,['None'],Non_usability
NONE,Google_Colab,PCdurham,1,2,4,0,None,['None'],Non_usability
NONE,CoCalc,atbug,1,7,9,3,None,['None'],Non_usability
NONE,CoCalc,semorrison,4,11,77,0,None,['None'],Non_usability
NONE,CoCalc,projetmbc,7,12,16,10,Usability,['Usability'],Usability
CONTRIBUTOR,CoCalc,jasongrout,280,11,204,4241,None,['None'],Non_usability
NONE,CoCalc,timclemans206,3,6,1,0,None,['None'],Non_usability
NONE,CoCalc,gabindu,3,6,8,9,None,['None'],Non_usability
CONTRIBUTOR,CoCalc,Ahuchala,12,7,3,10,None,"['None', 'Usability']",Both_role
NONE,CoCalc,rbeezer,7,9,26,13,None,"['None', 'Usability']",Both_role
NONE,CoCalc,rbeezer,7,9,26,13,Usability,"['None', 'Usability']",Both_role
NONE,CoCalc,nbruin,2,9,8,0,None,['None'],Non_usability
CONTRIBUTOR,CoCalc,Ahuchala,12,7,3,10,Usability,"['None', 'Usability']",Both_role
NONE,CoCalc,bvoight,1,7,7,1,None,['None'],Non_usability
NONE,CoCalc,sidgairo18,0,7,42,0,None,['None'],Non_usability
NONE,CoCalc,jpedroan,2,10,3,0,None,['None'],Non_usability
NONE,CoCalc,mkrnc,1,7,8,2,None,['None'],Non_usability
NONE,CoCalc,chrmiles,1,5,0,1,None,['None'],Non_usability
NONE,CoCalc,XayOn,1,12,57,1,None,['None'],Non_usability
NONE,CoCalc,GregoryBard,7,5,1,29,None,['None'],Non_usability
NONE,CoCalc,jaiagreen,2,7,2,0,None,['None'],Non_usability
CONTRIBUTOR,CoCalc,johnjeng,33,10,18,163,Usability,"['None', 'Usability']",Both_role
CONTRIBUTOR,CoCalc,simonluu,7,5,12,14,None,['None'],Non_usability
CONTRIBUTOR,CoCalc,timothyclemansinsea,84,6,21,77,Usability,"['Usability', 'None']",Both_role
CONTRIBUTOR,CoCalc,timothyclemansinsea,84,6,21,77,None,"['Usability', 'None']",Both_role
NONE,CoCalc,Carreau,177,11,475,905,Usability,['Usability'],Usability
NONE,CoCalc,zeigerpuppy,10,11,101,8,None,['None'],Non_usability
COLLABORATOR,CoCalc,slel,33,9,147,0,None,"['None', 'Usability']",Both_role
NONE,CoCalc,TimMcLEC,1,4,0,0,None,['None'],Non_usability
NONE,CoCalc,cscheffler,1,11,17,4,None,['None'],Non_usability
NONE,CoCalc,kedlaya,8,9,17,9,None,['None'],Non_usability
NONE,CoCalc,Newmsy,1,3,8,0,None,['None'],Non_usability
NONE,CoCalc,tlinnet,1,10,31,3,None,['None'],Non_usability
CONTRIBUTOR,CoCalc,edgarcosta,7,11,69,7,None,"['None', 'Usability']",Both_role
NONE,CoCalc,subhamghosh,2,3,6,0,None,['None'],Non_usability
NONE,CoCalc,Grekkor,1,7,4,0,None,['None'],Non_usability
NONE,CoCalc,certik,3,13,324,8,None,['None'],Non_usability
CONTRIBUTOR,CoCalc,edgarcosta,7,11,69,7,Usability,"['None', 'Usability']",Both_role
NONE,CoCalc,zerline,1,8,18,4,None,['None'],Non_usability
CONTRIBUTOR,CoCalc,tscholl2,10,7,71,4,None,['None'],Non_usability
CONTRIBUTOR,CoCalc,johnjeng,33,10,18,163,None,"['None', 'Usability']",Both_role
NONE,CoCalc,navoshta,1,10,26,12,None,['None'],Non_usability
NONE,CoCalc,crockeea,2,8,19,8,Usability,['Usability'],Usability
NONE,CoCalc,Drachionix,1,3,2,0,None,['None'],Non_usability
NONE,CoCalc,seaneberhard,1,4,12,2,Usability,['Usability'],Usability
NONE,CoCalc,jesseseeem,1,1,1,1,None,['None'],Non_usability
CONTRIBUTOR,CoCalc,DrXyzzy,203,11,33,327,Usability,"['None', 'Usability']",Both_role
COLLABORATOR,CoCalc,slel,33,9,147,116,Usability,"['None', 'Usability']",Both_role
CONTRIBUTOR,CoCalc,haraldschilly,567,11,100,966,Usability,"['Usability', 'None']",Both_role
COLLABORATOR,CoCalc,slel,33,9,147,116,None,"['None', 'Usability']",Both_role
CONTRIBUTOR,CoCalc,williamstein,819,10,116,2381,Usability,"['None', 'Usability']",Both_role
CONTRIBUTOR,CoCalc,williamstein,819,10,116,2381,None,"['None', 'Usability']",Both_role
CONTRIBUTOR,CoCalc,DrXyzzy,203,11,33,327,None,"['None', 'Usability']",Both_role
CONTRIBUTOR,CoCalc,haraldschilly,567,11,100,966,None,"['Usability', 'None']",Both_role