author_association,project_name,username,number_posted_issues,years_member,number_repositories,number_comments,Agree_Usability,Agree_roles,Agree_usability_role
NONE,VsCode,jmp778,1,3,0,0,None,['None'],Non_usability
NONE,VsCode,chengpengvb,1,4,3,0,None,['None'],Non_usability
NONE,VsCode,martinthomson,1,12,224,1,None,['None'],Non_usability
NONE,VsCode,Tekh-ops,1,0,393,3,None,['None'],Non_usability
NONE,VsCode,Saad309,1,0,0,1,None,['None'],Non_usability
NONE,VsCode,v-kanve,7,0,0,1,Usability,['Usability'],Usability
NONE,VsCode,Akshay-Priyadarshi,1,1,14,0,None,['None'],Non_usability
NONE,VsCode,prachi14-techved,3,1,0,2,None,['None'],Non_usability
NONE,VsCode,John-Ralph,1,2,2,1,None,['None'],Non_usability
NONE,VsCode,wenfangdu,33,4,77,28,None,['None'],Non_usability
NONE,VsCode,stackmystack,1,11,10,0,None,['None'],Non_usability
NONE,VsCode,altjx,1,8,6,1,None,['None'],Non_usability
NONE,VsCode,pixieaka,60,5,0,58,None,['None'],Non_usability
NONE,VsCode,WuzhuangWang,1,5,10,0,None,['None'],Non_usability
NONE,VsCode,poikayiljose,1,4,8,0,None,['None'],Non_usability
NONE,VsCode,jacobweber,24,11,20,35,None,['None'],Non_usability
CONTRIBUTOR,VsCode,HaoboGu,8,7,37,26,None,['None'],Non_usability
NONE,VsCode,AnthonyIV,2,4,2,0,None,['None'],Non_usability
NONE,VsCode,gplumb,7,10,5,12,Usability,['Usability'],Usability
NONE,VsCode,davewthompson,1,7,9,1,None,['None'],Non_usability
NONE,VsCode,lubelg,1,1,1,0,None,['None'],Non_usability
NONE,VsCode,DougCal,1,5,24,0,None,['None'],Non_usability
NONE,VsCode,marcheimendinger,1,3,3,0,Usability,['Usability'],Usability
NONE,VsCode,computHome,4,7,16,4,Usability,['Usability'],Usability
NONE,VsCode,KhaldiAmer,1,6,21,1,None,['None'],Non_usability
NONE,VsCode,WendellNDRV,2,1,0,0,None,['None'],Non_usability
NONE,VsCode,aszenz,1,4,64,0,Usability,['Usability'],Usability
NONE,VsCode,snaplesec,1,2,1,0,None,['None'],Non_usability
NONE,VsCode,JMasak,2,4,5,0,None,['None'],Non_usability
NONE,VsCode,AcademyOfF,3,2,8,2,Usability,['Usability'],Usability
NONE,VsCode,MrKaKaluote,1,5,10,0,None,['None'],Non_usability
NONE,VsCode,heartacker,39,9,161,53,None,['None'],Non_usability
CONTRIBUTOR,VsCode,jonamat,1,2,20,0,None,['None'],Non_usability
NONE,VsCode,joshblvck,0,2,2,0,None,['None'],Non_usability
NONE,VsCode,faizan-nab,2,3,0,1,None,['None'],Non_usability
NONE,VsCode,batmanSix,0,4,29,0,None,['None'],Non_usability
NONE,VsCode,DouglasMarq,1,6,26,0,None,['None'],Non_usability
NONE,VsCode,richfi,1,1,0,0,None,['None'],Non_usability
NONE,VsCode,Destaq,1,1,17,0,None,['None'],Non_usability
CONTRIBUTOR,VsCode,usernamehw,292,7,21,1446,Usability,['Usability'],Usability
NONE,VsCode,Torrore,1,2,0,0,None,['None'],Non_usability
NONE,VsCode,chengyuhui,2,9,59,3,None,['None'],Non_usability
NONE,VsCode,jsumners,6,11,179,12,None,['None'],Non_usability
NONE,VsCode,tiancihe,1,3,20,1,None,['None'],Non_usability
NONE,VsCode,jsruvi,1,7,0,0,None,['None'],Non_usability
NONE,VsCode,alexisMartinez1235,0,1,5,0,None,['None'],Non_usability
NONE,VsCode,mrtineu,1,1,0,0,None,['None'],Non_usability
NONE,VsCode,Damix48,4,5,11,7,None,['None'],Non_usability
NONE,VsCode,silesky,1,8,75,1,None,['None'],Non_usability
NONE,VsCode,yuan8ba,1,3,10,0,None,['None'],Non_usability
NONE,VsCode,esDotDev,1,10,22,1,Usability,['Usability'],Usability
MEMBER,VsCode,chrisdias,248,9,50,570,None,['None'],Non_usability
NONE,VsCode,pankaj-webkul,2,0,0,3,None,['None'],Non_usability
NONE,VsCode,KPTousey,2,3,8,2,None,['None'],Non_usability
NONE,VsCode,Hamido-san,1,4,11,1,None,['None'],Non_usability
NONE,VsCode,juaneks77,1,8,5,0,None,['None'],Non_usability
NONE,VsCode,picarro-msimpson,1,2,1,1,None,['None'],Non_usability
NONE,VsCode,zero1hac,1,7,50,0,None,['None'],Non_usability
NONE,VsCode,richex-cn,1,4,14,0,None,['None'],Non_usability
NONE,VsCode,rbgo,1,3,2,0,None,['None'],Non_usability
NONE,VsCode,zodiake,1,8,44,0,None,['None'],Non_usability
MEMBER,VsCode,connor4312,269,9,209,2478,None,"['None', 'Usability']",Both_role
NONE,VsCode,rohitkrmishra,1,2,0,2,None,['None'],Non_usability
NONE,VsCode,backoon,1,2,3,0,None,['None'],Non_usability
NONE,VsCode,kblok,1,9,66,0,None,['None'],Non_usability
NONE,VsCode,pizixie,1,9,6,1,None,['None'],Non_usability
NONE,VsCode,chinhphan099,1,7,17,0,Usability,['Usability'],Usability
NONE,VsCode,srk1195,2,5,11,2,None,['None'],Non_usability
NONE,VsCode,raychunghk,1,9,9,0,None,['None'],Non_usability
NONE,VsCode,Colengms,29,2,4,58,None,['None'],Non_usability
NONE,VsCode,akbyrd,65,11,10,106,None,['None'],Non_usability
NONE,VsCode,hyoretsu,1,5,46,0,None,['None'],Non_usability
NONE,VsCode,derkallevombau,0,3,17,1,None,['None'],Non_usability
NONE,VsCode,tlemo,27,6,30,34,None,['None'],Non_usability
NONE,VsCode,pavel-a,2,7,10,2,Usability,['Usability'],Usability
MEMBER,VsCode,TomasHubelbauer,43,7,418,101,None,['None'],Non_usability
NONE,VsCode,ArthurFuchsReis,1,1,3,0,Usability,['Usability'],Usability
NONE,VsCode,Nowaker,10,10,95,13,Usability,['Usability'],Usability
NONE,VsCode,zhanghuangbin,1,2,2,0,None,['None'],Non_usability
NONE,VsCode,bviktor,2,8,21,8,None,['None'],Non_usability
NONE,VsCode,rawfox,1,4,0,1,None,['None'],Non_usability
NONE,VsCode,rolandcrosby,1,12,70,2,Usability,['Usability'],Usability
NONE,VsCode,anouarhassine,1,6,3,1,None,['None'],Non_usability
NONE,VsCode,huahuayu,1,9,117,0,Usability,['Usability'],Usability
MEMBER,VsCode,sandy081,913,6,82,9165,None,"['None', 'Usability']",Both_role
MEMBER,VsCode,sbatten,229,7,28,2345,None,['None'],Non_usability
NONE,VsCode,stagefright5,18,6,35,27,None,['None'],Non_usability
NONE,VsCode,AurelienConil,0,6,12,0,None,['None'],Non_usability
NONE,VsCode,fox1t,1,9,72,0,None,['None'],Non_usability
NONE,VsCode,JamHamburg,1,3,0,3,None,['None'],Non_usability
NONE,VsCode,igolskyi,2,5,9,10,None,['None'],Non_usability
MEMBER,VsCode,connor4312,269,9,209,2478,Usability,"['None', 'Usability']",Both_role
NONE,VsCode,vineetvegi,1,2,15,0,None,['None'],Non_usability
NONE,VsCode,jaredyam,2,2,20,0,Usability,['Usability'],Usability
NONE,VsCode,burakcank,1,5,4,0,Usability,['Usability'],Usability
NONE,VsCode,wuming123,1,6,9,0,None,['None'],Non_usability
CONTRIBUTOR,VsCode,RMacfarlane,294,8,21,1525,None,['None'],Non_usability
NONE,VsCode,allaura-dev,1,2,7,0,None,['None'],Non_usability
NONE,VsCode,BarakBD-Globality,1,2,3,0,None,['None'],Non_usability
MEMBER,VsCode,Tyriar,1832,9,150,14971,Usability,"['None', 'Usability']",Both_role
NONE,VsCode,psclkhoury,12,7,2,17,Usability,['Usability'],Usability
NONE,VsCode,alexpaluzzi,2,9,8,7,None,['None'],Non_usability
NONE,VsCode,windwp,1,7,41,2,Usability,['Usability'],Usability
NONE,VsCode,wuliqiangweb,1,2,5,0,None,['None'],Non_usability
NONE,VsCode,shrutipant7,3,4,18,7,None,['None'],Non_usability
NONE,VsCode,ravshansbox,12,9,6,14,Usability,['Usability'],Usability
NONE,VsCode,andytael,1,7,5,3,None,['None'],Non_usability
CONTRIBUTOR,VsCode,jedwards1211,15,9,270,49,None,['None'],Non_usability
CONTRIBUTOR,VsCode,aeschli,706,7,64,7622,Usability,"['Usability', 'None']",Both_role
CONTRIBUTOR,VsCode,IllusionMH,53,9,22,1678,None,['None'],Non_usability
NONE,VsCode,yuri-velmesov,0,6,13,0,None,['None'],Non_usability
NONE,VsCode,woohling,1,6,15,3,None,['None'],Non_usability
CONTRIBUTOR,VsCode,ramank775,3,5,17,5,None,['None'],Non_usability
NONE,VsCode,angelhdz,11,0,4,24,None,['None'],Non_usability
NONE,VsCode,tshino,1,10,7,0,None,['None'],Non_usability
NONE,VsCode,drsarhan,1,2,3,0,None,['None'],Non_usability
MEMBER,VsCode,cloudhan,4,10,61,3,None,['None'],Non_usability
NONE,VsCode,pyuser00,3,6,0,4,None,['None'],Non_usability
NONE,VsCode,Gruntfuggly,87,11,39,127,Usability,['Usability'],Usability
MEMBER,VsCode,alexr00,287,3,29,3425,None,['None'],Non_usability
NONE,VsCode,whlkw,11,9,69,14,None,['None'],Non_usability
NONE,VsCode,niemeier23,1,6,2,0,None,['None'],Non_usability
NONE,VsCode,mtrp12,1,7,13,0,Usability,['Usability'],Usability
NONE,VsCode,KhalitovAdel,2,8,34,4,None,['None'],Non_usability
NONE,VsCode,thewhitetulip,21,8,55,42,Usability,['Usability'],Usability
NONE,VsCode,NanaseRuri,1,4,26,0,None,['None'],Non_usability
NONE,VsCode,XxLJcool25xX,1,0,0,0,None,['None'],Non_usability
NONE,VsCode,jabacchetta,37,6,8,41,Usability,['Usability'],Usability
NONE,VsCode,beemensameh,2,3,9,4,None,['None'],Non_usability
NONE,VsCode,Inori-Lover,1,7,34,2,None,['None'],Non_usability
CONTRIBUTOR,VsCode,Dari-K,1,6,11,7,None,['None'],Non_usability
MEMBER,VsCode,letmaik,42,11,93,62,None,['None'],Non_usability
NONE,VsCode,WangCong0192,2,3,3,1,None,['None'],Non_usability
NONE,VsCode,namleasia,1,3,1,1,None,['None'],Non_usability
NONE,VsCode,wzlwit,1,3,30,1,None,['None'],Non_usability
NONE,VsCode,joye61,1,8,5,0,Usability,['Usability'],Usability
NONE,VsCode,vandijkstef,5,8,52,5,None,['None'],Non_usability
NONE,VsCode,chenz97,1,5,11,2,None,['None'],Non_usability
NONE,VsCode,ivanhernandez13,7,7,13,8,None,['None'],Non_usability
NONE,VsCode,jschwartzman,2,3,9,0,None,['None'],Non_usability
NONE,VsCode,scarvalhojr,1,10,53,0,None,['None'],Non_usability
MEMBER,VsCode,lramos15,92,8,11,349,None,['None'],Non_usability
NONE,VsCode,targboss,3,2,0,0,None,['None'],Non_usability
CONTRIBUTOR,VsCode,DanTup,401,10,161,1503,None,['None'],Non_usability
NONE,VsCode,macgyver,4,13,16,3,Usability,['Usability'],Usability
NONE,VsCode,Iipal,6,4,60,8,None,['None'],Non_usability
NONE,VsCode,bardware,9,10,54,17,Usability,['Usability'],Usability
NONE,VsCode,Kieran-Bacon,1,4,18,1,None,['None'],Non_usability
NONE,VsCode,vasiltabakov,6,10,33,0,Usability,['Usability'],Usability
NONE,VsCode,biltongza,4,9,17,2,None,['None'],Non_usability
NONE,VsCode,lgArlequin,1,3,3,2,None,['None'],Non_usability
NONE,VsCode,RobFosterNYC,14,5,15,9,Usability,['Usability'],Usability
NONE,VsCode,dragonDScript,6,3,20,8,None,['None'],Non_usability
MEMBER,VsCode,rebornix,590,10,119,4206,None,"['None', 'Usability']",Both_role
NONE,VsCode,Uma19,4,7,9,4,None,['None'],Non_usability
NONE,VsCode,java858,1,5,9,0,None,['None'],Non_usability
NONE,VsCode,MartinFeineis,1,7,18,1,None,['None'],Non_usability
NONE,VsCode,ylaizet,2,6,11,2,None,['None'],Non_usability
NONE,VsCode,masoudr,1,7,17,1,None,['None'],Non_usability
NONE,VsCode,632575987,1,8,14,1,Usability,['Usability'],Usability
NONE,VsCode,fi0,1,4,46,1,None,['None'],Non_usability
NONE,VsCode,madprops,20,11,63,17,Usability,['Usability'],Usability
NONE,VsCode,gianchub,1,10,7,0,None,['None'],Non_usability
CONTRIBUTOR,VsCode,apupier,22,10,324,22,None,['None'],Non_usability
NONE,VsCode,abhibeckert,3,11,24,0,Usability,['Usability'],Usability
NONE,VsCode,uphlewis,1,3,3,5,None,['None'],Non_usability
CONTRIBUTOR,VsCode,go2sh,4,12,40,6,None,['None'],Non_usability
NONE,VsCode,hferreiro,2,10,26,1,None,['None'],Non_usability
NONE,VsCode,azydevelopment,13,4,13,9,None,['None'],Non_usability
NONE,VsCode,pqvst,3,8,39,6,None,['None'],Non_usability
NONE,VsCode,terradek,2,3,7,3,None,['None'],Non_usability
NONE,VsCode,mikelward,7,12,26,10,None,['None'],Non_usability
NONE,VsCode,marceau-maubert,2,0,0,0,None,['None'],Non_usability
NONE,VsCode,DemoCrazer,10,4,1,7,Usability,['Usability'],Usability
NONE,VsCode,BryanHunt,3,11,33,15,Usability,['Usability'],Usability
NONE,VsCode,sarbbottam,13,10,69,28,None,['None'],Non_usability
NONE,VsCode,efortes,1,10,10,1,None,['None'],Non_usability
NONE,VsCode,harsha20599,1,5,30,0,None,['None'],Non_usability
NONE,VsCode,SuperManEver,1,9,69,3,Usability,['Usability'],Usability
NONE,VsCode,Nytrodyne,1,5,4,0,None,['None'],Non_usability
CONTRIBUTOR,VsCode,gjsjohnmurray,135,7,36,3648,None,['None'],Non_usability
MEMBER,VsCode,eamodio,519,10,76,1580,None,['None'],Non_usability
NONE,VsCode,crewone,11,9,2,16,Usability,['Usability'],Usability
NONE,VsCode,flcdrg,1,11,239,0,None,['None'],Non_usability
NONE,VsCode,paulvi,3,9,517,12,Usability,['Usability'],Usability
NONE,VsCode,dbroytman,1,7,3,0,None,['None'],Non_usability
CONTRIBUTOR,VsCode,CoenraadS,53,8,7,80,None,['None'],Non_usability
NONE,VsCode,fifn2,3,3,32,3,None,['None'],Non_usability
NONE,VsCode,hooper-hc,1,6,16,0,None,['None'],Non_usability
NONE,VsCode,xen,2,13,101,3,Usability,['Usability'],Usability
MEMBER,VsCode,rebornix,590,10,119,4206,Usability,"['None', 'Usability']",Both_role
NONE,VsCode,samlotti,1,11,5,1,None,['None'],Non_usability
NONE,VsCode,lepinekong,7,8,73,1,Usability,['Usability'],Usability
NONE,VsCode,Mlocik97-issues,46,0,0,0,None,['None'],Non_usability
NONE,VsCode,kadickerss,1,7,0,1,None,['None'],Non_usability
NONE,VsCode,benhongh,1,9,6,0,None,['None'],Non_usability
NONE,VsCode,naiveLee,1,5,3,11,None,['None'],Non_usability
NONE,VsCode,iRoachie,4,8,38,10,None,['None'],Non_usability
CONTRIBUTOR,VsCode,JacksonKearl,319,7,101,1565,None,['None'],Non_usability
NONE,VsCode,ShayBox,5,7,38,8,None,['None'],Non_usability
NONE,VsCode,AlanRosenthal,7,10,29,8,None,['None'],Non_usability
NONE,VsCode,domoritz,12,10,335,53,None,['None'],Non_usability
NONE,VsCode,AccessibilityTestingTeam-TCS,389,3,4,62,Usability,['Usability'],Usability
NONE,VsCode,liukaigsx,1,5,1,2,Usability,['Usability'],Usability
NONE,VsCode,idailylife,1,9,26,0,None,['None'],Non_usability
NONE,VsCode,vsDizzy,5,8,38,6,None,['None'],Non_usability
CONTRIBUTOR,VsCode,octref,566,8,82,2363,Usability,['Usability'],Usability
CONTRIBUTOR,VsCode,fabiospampinato,121,9,270,260,None,['None'],Non_usability
NONE,VsCode,MathewLC,1,3,16,0,None,['None'],Non_usability
NONE,VsCode,mherodev,13,10,17,19,None,['None'],Non_usability
NONE,VsCode,KaanGaming,1,3,21,0,Usability,['Usability'],Usability
NONE,VsCode,brandondrew,5,13,169,8,None,['None'],Non_usability
NONE,VsCode,stamminator,1,6,37,2,None,['None'],Non_usability
CONTRIBUTOR,VsCode,ryenus,24,10,79,39,None,['None'],Non_usability
NONE,VsCode,jjacode,4,6,5,14,None,['None'],Non_usability
NONE,VsCode,huarse,1,8,5,3,Usability,['Usability'],Usability
NONE,VsCode,agm1984,5,5,70,8,Usability,['Usability'],Usability
NONE,VsCode,caub,17,9,140,32,None,['None'],Non_usability
MEMBER,VsCode,ramya-rao-a,341,5,65,3605,None,['None'],Non_usability
NONE,VsCode,mlewis-everley,2,10,34,3,None,['None'],Non_usability
NONE,VsCode,l-ennon,1,0,0,0,None,['None'],Non_usability
MEMBER,VsCode,sandy081,913,6,82,9165,Usability,"['None', 'Usability']",Both_role
CONTRIBUTOR,VsCode,DonJayamanne,209,9,195,525,None,['None'],Non_usability
NONE,VsCode,kwiesmueller,2,5,76,3,None,['None'],Non_usability
NONE,VsCode,vezzita,1,4,3,0,None,['None'],Non_usability
MEMBER,VsCode,bpasero,3082,10,113,25400,Usability,"['Usability', 'None']",Both_role
NONE,VsCode,DataTables,4,11,193,8,Usability,['Usability'],Usability
NONE,VsCode,fsebbah,1,9,12,0,None,['None'],Non_usability
NONE,VsCode,DouglasLiu2016,1,5,0,0,None,['None'],Non_usability
MEMBER,VsCode,heaths,13,9,110,20,None,['None'],Non_usability
NONE,VsCode,awerlang,3,10,82,8,None,['None'],Non_usability
NONE,VsCode,naco-siren,1,7,16,0,None,['None'],Non_usability
NONE,VsCode,EnrikeGonzaloLegarra,1,8,63,0,None,['None'],Non_usability
NONE,VsCode,brgrz,8,11,22,3,Usability,['Usability'],Usability
NONE,VsCode,lianzisong,2,6,13,0,None,['None'],Non_usability
NONE,VsCode,joemaffei,3,7,29,2,None,['None'],Non_usability
NONE,VsCode,ilyahoilik,1,7,2,1,Usability,['Usability'],Usability
NONE,VsCode,phual,1,4,0,0,None,['None'],Non_usability
NONE,VsCode,muttoni,3,4,41,3,Usability,['Usability'],Usability
NONE,VsCode,equiman,2,10,1,8,None,['None'],Non_usability
NONE,VsCode,Thaina,31,10,54,56,Usability,['Usability'],Usability
NONE,VsCode,Panoplos,7,9,8,24,Usability,['Usability'],Usability
NONE,VsCode,dhagej,2,8,1,1,None,['None'],Non_usability
NONE,VsCode,zmoazeni,1,13,58,1,Usability,['Usability'],Usability
CONTRIBUTOR,VsCode,spywhere,13,10,89,29,Usability,['Usability'],Usability
MEMBER,VsCode,roblourens,1411,11,111,10783,None,['None'],Non_usability
NONE,VsCode,lomholdt,2,9,84,3,Usability,['Usability'],Usability
NONE,VsCode,cuiyongjian,2,8,64,3,Usability,['Usability'],Usability
NONE,VsCode,blueskyzh,2,6,17,0,None,['None'],Non_usability
NONE,VsCode,Svetomech,1,7,42,1,None,['None'],Non_usability
NONE,VsCode,user3323,92,5,4,84,None,['None'],Non_usability
NONE,VsCode,oliversalzburg,70,9,230,141,None,['None'],Non_usability
CONTRIBUTOR,VsCode,aeschli,706,7,64,7622,None,"['Usability', 'None']",Both_role
NONE,VsCode,limbosounds,14,4,10,26,None,['None'],Non_usability
NONE,VsCode,nguyen-tho-mulodo,1,4,2,1,None,['None'],Non_usability
NONE,VsCode,akliyiping,5,6,40,3,None,['None'],Non_usability
NONE,VsCode,akdevservices,7,4,9,19,None,['None'],Non_usability
NONE,VsCode,AndersBillLinden,1,10,45,2,None,['None'],Non_usability
NONE,VsCode,techsin,14,8,96,45,Usability,['Usability'],Usability
NONE,VsCode,office-work-account,3,4,5,3,Usability,['Usability'],Usability
NONE,VsCode,webmastak,2,6,40,0,None,['None'],Non_usability
NONE,VsCode,jackfranklin,4,11,312,7,None,['None'],Non_usability
CONTRIBUTOR,VsCode,mjbvz,1220,6,167,13876,None,"['None', 'Usability']",Both_role
NONE,VsCode,sean-mcmanus,113,5,2,391,None,['None'],Non_usability
MEMBER,VsCode,dbaeumer,645,9,15,6385,None,['None'],Non_usability
NONE,VsCode,StevenCHowell,7,7,47,8,None,['None'],Non_usability
NONE,VsCode,rafnogueira,2,8,19,0,Usability,['Usability'],Usability
NONE,VsCode,srealm,1,10,5,1,None,['None'],Non_usability
NONE,VsCode,frostius,20,8,0,36,None,['None'],Non_usability
NONE,VsCode,yangwen2,1,9,8,7,None,['None'],Non_usability
CONTRIBUTOR,VsCode,mjbvz,1220,6,167,13876,Usability,"['None', 'Usability']",Both_role
NONE,VsCode,artaommahe,9,9,22,12,None,['None'],Non_usability
NONE,VsCode,jamesding,1,9,33,1,None,['None'],Non_usability
NONE,VsCode,mrkafk,16,10,28,16,None,['None'],Non_usability
NONE,VsCode,mika76,4,11,71,14,None,['None'],Non_usability
CONTRIBUTOR,VsCode,cleidigh,87,4,44,612,None,['None'],Non_usability
NONE,VsCode,Azlbert,1,5,6,0,None,['None'],Non_usability
NONE,VsCode,naaness,1,8,19,3,None,['None'],Non_usability
NONE,VsCode,janjongboom,1,10,229,1,None,['None'],Non_usability
MEMBER,VsCode,alexdima,769,8,28,9816,None,"['Usability', 'None']",Both_role
NONE,VsCode,jamietre,16,10,74,54,None,['None'],Non_usability
NONE,VsCode,pxim,1,8,35,1,None,['None'],Non_usability
NONE,VsCode,sulthonzh,1,8,152,0,Usability,['Usability'],Usability
NONE,VsCode,g5codyswartz,3,6,5,6,None,['None'],Non_usability
CONTRIBUTOR,VsCode,chrmarti,683,7,57,3691,Usability,"['Usability', 'None']",Both_role
NONE,VsCode,trsrm,1,10,15,0,None,['None'],Non_usability
MEMBER,VsCode,Tyriar,1832,9,150,14971,None,"['None', 'Usability']",Both_role
NONE,VsCode,smlombardi,147,10,63,134,None,['None'],Non_usability
NONE,VsCode,vscodeerrors,737,6,0,18,None,['None'],Non_usability
NONE,VsCode,viertaxa,2,7,8,1,None,['None'],Non_usability
NONE,VsCode,garfieldbanks,16,6,5,35,Usability,['Usability'],Usability
NONE,VsCode,xyq153596,1,8,12,0,None,['None'],Non_usability
NONE,VsCode,iou90,2,8,24,0,None,['None'],Non_usability
MEMBER,VsCode,jrieken,1723,9,63,14481,None,['None'],Non_usability
NONE,VsCode,relvao,1,9,37,0,None,['None'],Non_usability
NONE,VsCode,mdahamiwal,1,6,10,3,None,['None'],Non_usability
NONE,VsCode,fenying,5,6,26,7,Usability,['Usability'],Usability
NONE,VsCode,ht17085,1,5,1,0,None,['None'],Non_usability
NONE,VsCode,plaanupam,2,5,3,2,Usability,['Usability'],Usability
CONTRIBUTOR,VsCode,chrmarti,683,7,57,3691,None,"['Usability', 'None']",Both_role
NONE,VsCode,gilleswaeber,2,6,14,0,None,['None'],Non_usability
NONE,VsCode,HolgerJeromin,1,9,53,7,None,['None'],Non_usability
NONE,VsCode,ghost,1314,13,0,2181,None,['None'],Non_usability
NONE,VsCode,PhamBaTho,1,8,4,0,Usability,['Usability'],Usability
NONE,VsCode,ivancuric,12,9,69,8,Usability,['Usability'],Usability
NONE,VsCode,matthiasg,5,11,139,5,None,['None'],Non_usability
NONE,VsCode,d180cf,4,6,7,3,Usability,['Usability'],Usability
MEMBER,VsCode,kieferrm,430,8,54,1817,None,['None'],Non_usability
MEMBER,VsCode,dilijev,46,11,44,53,None,['None'],Non_usability
NONE,VsCode,MarkPieszak,12,9,69,20,None,['None'],Non_usability
NONE,VsCode,paritosh149,7,7,57,8,Usability,['Usability'],Usability
NONE,VsCode,ahmetenis,1,8,1,1,None,['None'],Non_usability
NONE,VsCode,tarurar,3,12,28,5,Usability,['Usability'],Usability
NONE,VsCode,howardchn,1,7,30,1,None,['None'],Non_usability
NONE,VsCode,Darival,1,6,21,4,None,['None'],Non_usability
NONE,VsCode,AndrewBrianHall,1,6,31,0,None,['None'],Non_usability
NONE,VsCode,warmsun-li,1,6,1,0,None,['None'],Non_usability
NONE,VsCode,rakkarage,27,10,77,28,None,['None'],Non_usability
NONE,VsCode,dpMerchant,1,5,0,1,None,['None'],Non_usability
CONTRIBUTOR,VsCode,bgashler1,67,6,9,437,Usability,['Usability'],Usability
MEMBER,VsCode,alexdima,769,8,28,9816,Usability,"['Usability', 'None']",Both_role
MEMBER,VsCode,joaomoreno,1186,13,146,15014,None,['None'],Non_usability
CONTRIBUTOR,VsCode,isidorn,1607,9,4,15654,None,"['None', 'Usability']",Both_role
MEMBER,VsCode,bpasero,3082,10,113,25400,None,"['Usability', 'None']",Both_role
MEMBER,VsCode,weinand,877,9,16,7522,None,['None'],Non_usability
NONE,VsCode,waderyan,107,9,87,851,None,['None'],Non_usability
CONTRIBUTOR,VsCode,isidorn,1607,9,4,15654,Usability,"['None', 'Usability']",Both_role
MEMBER,VsCode,egamma,539,12,75,3238,None,['None'],Non_usability
NONE,VsCode,NickHeiner,12,10,172,18,Usability,['Usability'],Usability
NONE,VsCode,niemyjski,2,10,134,9,None,['None'],Non_usability
NONE,Atom,ggl,4,8,13,2,None,['None'],Non_usability
NONE,Atom,RisingStar-Web,1,2,123,2,None,['None'],Non_usability
NONE,Atom,gogo9th,1,7,8,0,None,['None'],Non_usability
NONE,Atom,agnesbegala,1,1,0,0,None,['None'],Non_usability
CONTRIBUTOR,Atom,saizai,4,13,75,3,None,['None'],Non_usability
NONE,Atom,mellonges,1,1,26,0,None,['None'],Non_usability
NONE,Atom,objectopensource,2,0,0,0,None,['None'],Non_usability
NONE,Atom,Alhinds85,1,1,0,0,None,['None'],Non_usability
NONE,Atom,arixank,1,2,27,2,None,['None'],Non_usability
NONE,Atom,kaushik1810,1,1,1,0,None,['None'],Non_usability
NONE,Atom,armen-arakelyan,1,1,13,1,None,['None'],Non_usability
NONE,Atom,MarekZ98,1,2,0,0,None,['None'],Non_usability
NONE,Atom,JuliaGerasymenko,1,4,36,0,None,['None'],Non_usability
NONE,Atom,tomatomuq,0,2,0,0,None,['None'],Non_usability
NONE,Atom,PetrKryslUCSD,4,7,68,5,None,['None'],Non_usability
NONE,Atom,ITwrx,1,10,16,1,None,['None'],Non_usability
NONE,Atom,sombraaaa,1,2,3,0,None,['None'],Non_usability
NONE,Atom,adam-kelsey,1,7,38,0,None,['None'],Non_usability
NONE,Atom,wieczorek1990,1,9,110,0,None,['None'],Non_usability
NONE,Atom,StepanSS,1,4,17,0,None,['None'],Non_usability
NONE,Atom,mike663,1,5,0,1,None,['None'],Non_usability
NONE,Atom,damiantoczek,2,5,11,0,None,['None'],Non_usability
NONE,Atom,t40,1,8,2,0,None,['None'],Non_usability
NONE,Atom,robertrossmann,19,9,21,34,None,['None'],Non_usability
NONE,Atom,MarToxAk,1,7,15,0,None,['None'],Non_usability
NONE,Atom,dobry-kot,1,4,3,0,None,['None'],Non_usability
NONE,Atom,ryotlee,1,8,27,0,None,['None'],Non_usability
MEMBER,Atom,smashwilson,24,13,211,97,None,['None'],Non_usability
NONE,Atom,SumitBikram,2,3,7,0,None,['None'],Non_usability
NONE,Atom,qnhr,1,5,2,0,None,['None'],Non_usability
NONE,Atom,Schrominger,1,5,73,0,None,['None'],Non_usability
NONE,Atom,trusktr,56,11,278,69,Usability,['Usability'],Usability
NONE,Atom,kotx,1,4,87,1,None,['None'],Non_usability
NONE,Atom,move[bot],9,0,0,55,Usability,['Usability'],Usability
CONTRIBUTOR,Atom,daviwil,122,12,130,398,Usability,"['Usability', 'None']",Both_role
NONE,Atom,jrial,7,10,50,21,None,['None'],Non_usability
NONE,Atom,tsiras,1,5,2,0,None,['None'],Non_usability
CONTRIBUTOR,Atom,cacheflow,1,8,264,5,Usability,['Usability'],Usability
CONTRIBUTOR,Atom,ggreif,2,9,115,2,None,['None'],Non_usability
NONE,Atom,William-N,1,4,9,0,Usability,['Usability'],Usability
NONE,Atom,53tang,1,4,1,0,None,['None'],Non_usability
NONE,Atom,elvinos,1,7,35,1,None,['None'],Non_usability
NONE,Atom,qwelias,2,8,55,2,None,['None'],Non_usability
NONE,Atom,timreichen,0,6,16,0,None,['None'],Non_usability
NONE,Atom,vikahl,1,9,14,0,None,['None'],Non_usability
CONTRIBUTOR,Atom,daviwil,122,12,130,398,None,"['Usability', 'None']",Both_role
NONE,Atom,NewWheat,1,4,0,2,None,['None'],Non_usability
NONE,Atom,faliagas,2,4,3,3,None,['None'],Non_usability
NONE,Atom,twifty,4,6,22,5,Usability,['Usability'],Usability
NONE,Atom,bluebelles27,1,0,0,0,None,['None'],Non_usability
CONTRIBUTOR,Atom,zorn-v,2,6,64,9,None,['None'],Non_usability
NONE,Atom,nishek,1,4,1,0,None,['None'],Non_usability
NONE,Atom,adnammit,1,8,27,1,None,['None'],Non_usability
NONE,Atom,nethish,1,3,16,0,None,['None'],Non_usability
NONE,Atom,thegoodfellas,1,3,2,0,None,['None'],Non_usability
NONE,Atom,intervisionlord,1,8,18,0,None,['None'],Non_usability
NONE,Atom,ixDarkLorD,1,4,3,0,None,['None'],Non_usability
NONE,Atom,Itz-Mattmatt,1,4,1,0,None,['None'],Non_usability
NONE,Atom,njakobsen,1,12,10,6,None,['None'],Non_usability
NONE,Atom,imdavor,1,5,3,1,None,['None'],Non_usability
NONE,Atom,mariojho,1,11,3,0,None,['None'],Non_usability
NONE,Atom,swanny18,1,3,0,1,None,['None'],Non_usability
NONE,Atom,nileshchakraborty,1,8,27,0,None,['None'],Non_usability
NONE,Atom,chasinglucid,1,3,8,4,None,['None'],Non_usability
NONE,Atom,Y3z3ki3l,1,4,229,0,None,['None'],Non_usability
NONE,Atom,cagehere,1,3,0,0,None,['None'],Non_usability
NONE,Atom,Davito3,1,4,2,0,None,['None'],Non_usability
NONE,Atom,bboy2,1,4,4,0,None,['None'],Non_usability
NONE,Atom,abdohz,1,4,25,0,None,['None'],Non_usability
NONE,Atom,vafagh,1,9,2,0,Usability,['Usability'],Usability
NONE,Atom,CptAdamica,3,4,0,2,None,['None'],Non_usability
NONE,Atom,JueShouGitHub,1,5,11,0,None,['None'],Non_usability
NONE,Atom,dmitriivikorchuk,1,4,1,1,None,['None'],Non_usability
NONE,Atom,xzitlou,1,9,9,0,None,['None'],Non_usability
NONE,Atom,pdonias,1,6,16,1,None,['None'],Non_usability
NONE,Atom,alexandraharet,1,5,10,0,None,['None'],Non_usability
MEMBER,Atom,50Wliu,77,9,23,4067,None,"['None', 'Usability']",Both_role
NONE,Atom,MikeMajara,1,6,36,0,None,['None'],Non_usability
NONE,Atom,aleb,1,11,35,1,None,['None'],Non_usability
MEMBER,Atom,lee-dohm,59,10,316,2441,Usability,['Usability'],Usability
NONE,Atom,willnwhite,2,7,62,1,None,['None'],Non_usability
NONE,Atom,yubaoquan,14,9,93,27,Usability,['Usability'],Usability
NONE,Atom,Nowass,1,5,4,0,None,['None'],Non_usability
NONE,Atom,calebmeyer,6,8,50,38,None,['None'],Non_usability
CONTRIBUTOR,Atom,t9md,26,12,176,53,None,['None'],Non_usability
NONE,Atom,ethans333,1,5,19,0,None,['None'],Non_usability
NONE,Atom,wesharper,1,6,3,0,None,['None'],Non_usability
NONE,Atom,garygreen,6,9,83,9,None,['None'],Non_usability
NONE,Atom,huarse,1,8,5,3,None,['None'],Non_usability
NONE,Atom,flycal6,1,7,30,0,None,['None'],Non_usability
NONE,Atom,aliaskari76,1,4,0,0,None,['None'],Non_usability
NONE,Atom,ethernal,1,10,17,3,None,['None'],Non_usability
NONE,Atom,elephantwork,1,8,7,0,None,['None'],Non_usability
NONE,Atom,Zsfzy,1,5,20,0,None,['None'],Non_usability
NONE,Atom,womza,1,6,19,0,None,['None'],Non_usability
NONE,Atom,QoQonut,1,4,2,0,None,['None'],Non_usability
NONE,Atom,marcomarasco,1,6,14,0,None,['None'],Non_usability
NONE,Atom,TomKatsuki,1,4,0,1,None,['None'],Non_usability
NONE,Atom,ShadowLNC,1,7,12,1,None,['None'],Non_usability
NONE,Atom,mrichman,6,13,54,7,None,['None'],Non_usability
CONTRIBUTOR,Atom,dwelle,13,8,64,26,None,['None'],Non_usability
CONTRIBUTOR,Atom,steakknife,1,11,529,1,None,['None'],Non_usability
NONE,Atom,GeorgeWL,8,8,72,14,None,['None'],Non_usability
NONE,Atom,carrodher,1,6,11,1,None,['None'],Non_usability
NONE,Atom,TETRA2000,1,9,83,0,None,['None'],Non_usability
NONE,Atom,igorvolnyi,2,6,7,3,None,['None'],Non_usability
CONTRIBUTOR,Atom,MoritzKn,3,6,68,13,None,['None'],Non_usability
NONE,Atom,CybersHere,1,4,1,0,None,['None'],Non_usability
NONE,Atom,wyujie,1,8,8,0,None,['None'],Non_usability
NONE,Atom,dongz9,1,10,29,0,Usability,['Usability'],Usability
NONE,Atom,smalike,0,9,1,0,None,['None'],Non_usability
CONTRIBUTOR,Atom,ungb,30,8,19,169,None,['None'],Non_usability
NONE,Atom,pabloab,3,10,24,16,None,['None'],Non_usability
NONE,Atom,mbladel,1,4,2,2,None,['None'],Non_usability
NONE,Atom,j-f1,2,4,225,0,None,['None'],Non_usability
NONE,Atom,OuSatoru,2,6,41,1,None,['None'],Non_usability
NONE,Atom,MandarSant,17,5,1,33,None,['None'],Non_usability
NONE,Atom,GlennBurkins,1,5,0,0,None,['None'],Non_usability
NONE,Atom,brookshelley,1,7,9,1,None,['None'],Non_usability
NONE,Atom,OmgImAlexis,2,7,441,22,None,['None'],Non_usability
NONE,Atom,GuoYongfeng,1,7,161,1,None,['None'],Non_usability
NONE,Atom,requiescate,1,5,1,0,None,['None'],Non_usability
NONE,Atom,gonglei,1,9,9,0,None,['None'],Non_usability
NONE,Atom,Datseris,1,5,31,1,None,['None'],Non_usability
NONE,Atom,hhtong,1,6,52,0,None,['None'],Non_usability
NONE,Atom,setni,1,7,31,0,None,['None'],Non_usability
NONE,Atom,liuyonghu,1,6,64,2,None,['None'],Non_usability
NONE,Atom,satishverma143,1,6,59,0,None,['None'],Non_usability
NONE,Atom,robertandrews,2,9,3,0,None,['None'],Non_usability
NONE,Atom,chudyandrej,1,6,28,0,None,['None'],Non_usability
NONE,Atom,fulldecent,16,11,334,22,None,['None'],Non_usability
NONE,Atom,ghost,1314,13,0,2181,None,"['None', 'Usability']",Both_role
NONE,Atom,jacobmischka,1,8,211,7,None,['None'],Non_usability
NONE,Atom,etav,1,6,20,1,None,['None'],Non_usability
NONE,Atom,voytovichs,1,8,13,1,Usability,['Usability'],Usability
NONE,Atom,JiayangShen,3,7,51,10,None,['None'],Non_usability
NONE,Atom,baz8080,1,9,29,1,None,['None'],Non_usability
NONE,Atom,samjgalbraith,1,8,4,0,None,['None'],Non_usability
NONE,Atom,jimbonator,3,10,12,9,None,['None'],Non_usability
NONE,Atom,petersowah,1,7,190,0,None,['None'],Non_usability
NONE,Atom,joshdcomp,1,9,22,1,None,['None'],Non_usability
NONE,Atom,ngmgithub,1,9,6,0,None,['None'],Non_usability
NONE,Atom,henyojess,1,11,19,0,None,['None'],Non_usability
NONE,Atom,bennettyuan18,4,6,9,5,Usability,['Usability'],Usability
NONE,Atom,xavier83,2,8,8,5,None,['None'],Non_usability
NONE,Atom,s2t2,1,9,706,5,None,['None'],Non_usability
NONE,Atom,ChristianCarruego,1,8,10,0,None,['None'],Non_usability
NONE,Atom,fabyc,1,10,102,1,None,['None'],Non_usability
NONE,Atom,freemanoid,3,11,23,5,Usability,['Usability'],Usability
MEMBER,Atom,Ben3eeE,26,10,24,962,None,['None'],Non_usability
NONE,Atom,eppsilon,2,13,42,5,None,['None'],Non_usability
NONE,Atom,jsveron23,1,12,17,1,Usability,['Usability'],Usability
NONE,Atom,PsiReaver,1,5,1,0,None,['None'],Non_usability
NONE,Atom,belldandu,2,8,30,3,None,['None'],Non_usability
NONE,Atom,beautispy,1,5,0,0,None,['None'],Non_usability
NONE,Atom,doberkofler,15,10,14,26,None,['None'],Non_usability
NONE,Atom,jamesonquinn,2,11,43,2,Usability,['Usability'],Usability
NONE,Atom,TITAN-UZ,1,8,47,0,None,['None'],Non_usability
NONE,Atom,nicholas-c,2,7,19,2,None,['None'],Non_usability
NONE,Atom,danieldevine,1,8,26,1,None,['None'],Non_usability
NONE,Atom,xunorus,2,8,72,4,None,['None'],Non_usability
NONE,Atom,h2oboi89,2,8,29,6,None,['None'],Non_usability
NONE,Atom,dcflow,1,7,14,1,Usability,['Usability'],Usability
NONE,Atom,nicka101,1,9,15,0,None,['None'],Non_usability
NONE,Atom,jordwalke,13,10,122,51,None,['None'],Non_usability
NONE,Atom,GuillaumeLegendre,1,10,14,0,Usability,['Usability'],Usability
NONE,Atom,elyseholladay,1,10,14,1,Usability,['Usability'],Usability
NONE,Atom,beccasjames,1,7,12,0,None,['None'],Non_usability
NONE,Atom,flaviolivolsi,1,8,39,0,None,['None'],Non_usability
NONE,Atom,nabeelomer,5,0,0,3,None,['None'],Non_usability
NONE,Atom,Hugoch,1,10,27,3,None,['None'],Non_usability
NONE,Atom,jsejcksn,3,10,88,12,None,['None'],Non_usability
NONE,Atom,connorpaulstauffer,0,8,35,0,None,['None'],Non_usability
NONE,Atom,steve9164,1,6,49,2,None,['None'],Non_usability
NONE,Atom,rugk,13,6,260,23,None,['None'],Non_usability
NONE,Atom,trunneml,1,11,17,1,None,['None'],Non_usability
NONE,Atom,seajean,2,9,65,3,None,['None'],Non_usability
NONE,Atom,jamesplease,3,9,330,11,None,['None'],Non_usability
NONE,Atom,ibnIrshad,1,11,19,0,None,['None'],Non_usability
NONE,Atom,fand,1,9,239,0,None,['None'],Non_usability
NONE,Atom,daveyjones,2,9,0,0,Usability,['Usability'],Usability
NONE,Atom,cebence,1,8,13,2,None,['None'],Non_usability
NONE,Atom,StephanRaab,1,7,61,0,None,['None'],Non_usability
CONTRIBUTOR,Atom,fusion809,38,8,218,47,None,['None'],Non_usability
NONE,Atom,kuoruan,2,7,67,1,None,['None'],Non_usability
NONE,Atom,niall83,1,6,0,0,None,['None'],Non_usability
NONE,Atom,ccoenen,4,12,140,17,None,['None'],Non_usability
NONE,Atom,jstolle,1,12,22,0,None,['None'],Non_usability
NONE,Atom,dborsatto,1,12,8,9,None,['None'],Non_usability
NONE,Atom,LeFnord,1,12,61,1,Usability,['Usability'],Usability
NONE,Atom,jamesscholeyweb,1,8,4,0,None,['None'],Non_usability
NONE,Atom,raddevon,1,9,67,0,None,['None'],Non_usability
NONE,Atom,cbrown1,1,10,23,0,None,['None'],Non_usability
NONE,Atom,anwarule,1,6,0,1,None,['None'],Non_usability
NONE,Atom,lukejagodzinski,2,10,75,2,None,['None'],Non_usability
NONE,Atom,robmccullough,1,9,0,1,None,['None'],Non_usability
NONE,Atom,erwan,1,13,123,0,None,['None'],Non_usability
NONE,Atom,anavarre,1,11,23,2,None,['None'],Non_usability
NONE,Atom,mangecoeur,4,10,37,10,Usability,['Usability'],Usability
NONE,Atom,i5ar,2,8,55,2,None,['None'],Non_usability
NONE,Atom,alflanagan,1,9,57,7,None,['None'],Non_usability
NONE,Atom,kravlost,1,8,3,1,Usability,['Usability'],Usability
NONE,Atom,Soularix,0,7,1,0,None,['None'],Non_usability
NONE,Atom,ferdbold,1,9,33,0,None,['None'],Non_usability
NONE,Atom,sublines,3,9,3,1,None,['None'],Non_usability
NONE,Atom,aldelval,1,8,0,2,None,['None'],Non_usability
NONE,Atom,thebkbuffalo,1,7,77,0,None,['None'],Non_usability
NONE,Atom,archaeron,1,11,61,1,Usability,['Usability'],Usability
NONE,Atom,adamreisnz,39,11,13,161,None,['None'],Non_usability
NONE,Atom,ChrisChiera,3,11,0,5,None,['None'],Non_usability
NONE,Atom,mrthebob,2,11,4,0,None,['None'],Non_usability
NONE,Atom,agileago,3,6,26,3,None,['None'],Non_usability
NONE,Atom,exogen,1,12,88,2,None,['None'],Non_usability
NONE,Atom,Enkouyami,4,9,6,14,None,['None'],Non_usability
NONE,Atom,navmed,2,9,54,0,None,['None'],Non_usability
NONE,Atom,dstack,0,9,30,0,None,['None'],Non_usability
NONE,Atom,Siecje,6,8,137,7,None,['None'],Non_usability
MEMBER,Atom,Arcanemagus,41,11,110,526,None,['None'],Non_usability
NONE,Atom,snlangsuan,1,8,16,0,None,['None'],Non_usability
NONE,Atom,prashantv,2,12,63,4,None,['None'],Non_usability
NONE,Atom,calebcbaker,1,7,3,1,None,['None'],Non_usability
NONE,Atom,anickle060193,1,8,33,2,None,['None'],Non_usability
NONE,Atom,damianesteban,1,8,210,2,None,['None'],Non_usability
NONE,Atom,nemoDreamer,1,13,72,2,None,['None'],Non_usability
NONE,Atom,scj643,1,8,48,1,Usability,['Usability'],Usability
NONE,Atom,gs-akhan,2,8,113,2,None,['None'],Non_usability
NONE,Atom,atombender,47,12,102,90,None,['None'],Non_usability
NONE,Atom,Veedrac,2,9,22,1,None,['None'],Non_usability
NONE,Atom,karai17,14,10,43,29,None,['None'],Non_usability
NONE,Atom,brocknessmonster,1,7,0,0,None,['None'],Non_usability
NONE,Atom,MarkZander,1,8,3,1,None,['None'],Non_usability
NONE,Atom,davidawad,7,8,209,12,None,['None'],Non_usability
NONE,Atom,yejianye,1,12,40,0,None,['None'],Non_usability
MEMBER,Atom,izuzak,108,13,40,1782,None,['None'],Non_usability
NONE,Atom,Daniel15,8,12,291,11,None,['None'],Non_usability
NONE,Atom,vramana,1,9,80,7,None,['None'],Non_usability
NONE,Atom,sungwoncho,1,7,156,1,None,['None'],Non_usability
NONE,Atom,willdady,5,11,31,6,None,['None'],Non_usability
NONE,Atom,benbalter,11,11,221,19,None,['None'],Non_usability
NONE,Atom,pierretusseau,2,7,36,2,None,['None'],Non_usability
NONE,Atom,kirollosd,1,8,74,0,None,['None'],Non_usability
NONE,Atom,rukshn,2,9,39,2,None,['None'],Non_usability
CONTRIBUTOR,Atom,postcasio,17,9,72,91,None,['None'],Non_usability
NONE,Atom,marklakata,2,8,17,0,None,['None'],Non_usability
NONE,Atom,JPTigr,1,7,0,3,None,['None'],Non_usability
CONTRIBUTOR,Atom,lexicalunit,5,9,55,14,None,['None'],Non_usability
NONE,Atom,drbsci,1,6,5,0,None,['None'],Non_usability
NONE,Atom,jgh0721,1,10,14,0,None,['None'],Non_usability
NONE,Atom,manoj84,1,9,7,0,None,['None'],Non_usability
NONE,Atom,zwhitchcox,9,8,246,18,Usability,['Usability'],Usability
NONE,Atom,murilo-ramos,1,7,19,0,None,['None'],Non_usability
CONTRIBUTOR,Atom,maxbrunsfeld,27,11,69,878,None,['None'],Non_usability
MEMBER,Atom,wvanlint,3,9,3,3,None,['None'],Non_usability
NONE,Atom,mxa,1,10,27,1,None,['None'],Non_usability
CONTRIBUTOR,Atom,sryze,8,8,43,16,None,['None'],Non_usability
NONE,Atom,VirtualOverride,0,7,46,0,None,['None'],Non_usability
NONE,Atom,ibnesayeed,1,12,108,6,None,['None'],Non_usability
NONE,Atom,roonie,1,9,4,2,None,['None'],Non_usability
NONE,Atom,bobber205,18,8,45,31,None,['None'],Non_usability
NONE,Atom,pcolby,1,8,31,2,None,['None'],Non_usability
NONE,Atom,mik01aj,2,9,38,4,Usability,['Usability'],Usability
NONE,Atom,ianbamforth,1,7,25,0,None,['None'],Non_usability
NONE,Atom,Ryan050,2,6,2,3,None,['None'],Non_usability
NONE,Atom,ctola91,1,7,164,0,None,['None'],Non_usability
NONE,Atom,frankhale,15,11,73,42,None,['None'],Non_usability
NONE,Atom,ryardley,1,10,133,2,None,['None'],Non_usability
NONE,Atom,Narven,1,12,34,2,None,['None'],Non_usability
NONE,Atom,deathernater,3,7,3,5,None,['None'],Non_usability
NONE,Atom,ahuezo,1,9,26,0,None,['None'],Non_usability
NONE,Atom,greatwolf,1,9,30,1,None,['None'],Non_usability
NONE,Atom,afanasy,1,10,52,1,None,['None'],Non_usability
NONE,Atom,angiolucci,1,8,13,0,None,['None'],Non_usability
NONE,Atom,paulmillr,4,10,66,22,None,['None'],Non_usability
NONE,Atom,kenygia,1,10,43,1,None,['None'],Non_usability
NONE,Atom,FELS-Zak,2,10,4,1,None,['None'],Non_usability
MEMBER,Atom,Fank,3,9,42,20,None,['None'],Non_usability
NONE,Atom,skandasoft,11,7,46,15,None,['None'],Non_usability
NONE,Atom,martpie,1,9,40,7,None,['None'],Non_usability
MEMBER,Atom,50Wliu,77,9,23,4067,Usability,"['None', 'Usability']",Both_role
NONE,Atom,SamuelMoy,1,7,6,1,None,['None'],Non_usability
NONE,Atom,protito,1,11,1,1,None,['None'],Non_usability
NONE,Atom,paulcruse3,4,7,3,11,None,['None'],Non_usability
NONE,Atom,ghost,1314,13,0,2181,Usability,"['None', 'Usability']",Both_role
CONTRIBUTOR,Atom,mark-hahn,57,10,130,418,None,['None'],Non_usability
NONE,Atom,victorhooi,3,11,29,4,None,['None'],Non_usability
NONE,Atom,jaredallard,2,9,100,1,None,['None'],Non_usability
NONE,Atom,ameuret,2,13,59,5,None,['None'],Non_usability
CONTRIBUTOR,Atom,philipgiuliani,19,8,67,111,None,['None'],Non_usability
CONTRIBUTOR,Atom,fenuks,2,10,15,0,None,['None'],Non_usability
NONE,Atom,aganglada,1,10,95,6,None,['None'],Non_usability
NONE,Atom,b0nk,1,8,18,2,None,['None'],Non_usability
NONE,Atom,alvations,1,10,361,0,None,['None'],Non_usability
NONE,Atom,mikenovikov,1,8,6,0,None,['None'],Non_usability
CONTRIBUTOR,Atom,colllin,9,11,115,13,Usability,['Usability'],Usability
NONE,Atom,tuminoid,4,10,12,11,None,['None'],Non_usability
NONE,Atom,PwnicornDev,1,8,6,1,None,['None'],Non_usability
CONTRIBUTOR,Atom,kelunik,11,9,166,27,Usability,"['Usability', 'None']",Both_role
NONE,Atom,kevinohara80,1,10,66,1,None,['None'],Non_usability
NONE,Atom,guillaume86,3,11,100,7,None,['None'],Non_usability
NONE,Atom,nshtg,8,8,81,25,None,['None'],Non_usability
NONE,Atom,bentolor,2,10,86,10,None,['None'],Non_usability
NONE,Atom,jwir3,5,10,67,5,Usability,['Usability'],Usability
NONE,Atom,tsujamin,1,9,47,2,None,['None'],Non_usability
NONE,Atom,valllabh,7,9,26,4,None,['None'],Non_usability
NONE,Atom,despairblue,25,10,176,83,None,['None'],Non_usability
NONE,Atom,robwhess,2,9,6,5,Usability,['Usability'],Usability
NONE,Atom,marcos-mestre,2,7,5,3,None,['None'],Non_usability
NONE,Atom,erwanjegouzo,1,11,16,1,None,['None'],Non_usability
NONE,Atom,technoweenie,13,13,178,20,None,['None'],Non_usability
NONE,Atom,jdsimcoe,1,11,132,9,None,['None'],Non_usability
NONE,Atom,jonasoberschweiber,1,13,49,1,None,['None'],Non_usability
CONTRIBUTOR,Atom,benogle,108,12,69,1569,None,['None'],Non_usability
NONE,Atom,phortx,3,12,23,12,None,['None'],Non_usability
NONE,Atom,ekremkaraca,3,10,7,8,None,['None'],Non_usability
NONE,Atom,joshleblanc,2,9,176,4,None,['None'],Non_usability
NONE,Atom,ultimapanzer,1,8,24,1,None,['None'],Non_usability
NONE,Atom,aviau,3,9,123,6,None,['None'],Non_usability
NONE,Atom,emnoor,1,9,3,0,None,['None'],Non_usability
CONTRIBUTOR,Atom,dyross,3,10,22,7,None,['None'],Non_usability
CONTRIBUTOR,Atom,kelunik,11,9,166,27,None,"['Usability', 'None']",Both_role
NONE,Atom,d2fn,3,12,57,4,None,"['None', 'Usability']",Both_role
CONTRIBUTOR,Atom,thedaniel,45,13,72,273,None,['None'],Non_usability
NONE,Atom,d2fn,3,12,57,4,Usability,"['None', 'Usability']",Both_role
MEMBER,Atom,kevinsawicki,160,10,197,2479,None,"['None', 'Usability']",Both_role
CONTRIBUTOR,Atom,jbarnette,40,13,75,95,None,"['None', 'Usability']",Both_role
CONTRIBUTOR,Atom,BinaryMuse,9,11,297,55,None,['None'],Non_usability
CONTRIBUTOR,Atom,zcbenz,19,10,30,235,None,['None'],Non_usability
NONE,Atom,jnunemaker,18,13,73,36,None,['None'],Non_usability
NONE,Atom,atom-bot,60,9,0,0,None,['None'],Non_usability
CONTRIBUTOR,Atom,joshaber,18,13,62,181,None,['None'],Non_usability
CONTRIBUTOR,Atom,jbarnette,40,13,75,95,Usability,"['None', 'Usability']",Both_role
NONE,Atom,jch,2,13,122,7,None,['None'],Non_usability
MEMBER,Atom,kevinsawicki,160,10,197,2479,Usability,"['None', 'Usability']",Both_role
CONTRIBUTOR,Atom,mcolyer,51,13,123,239,None,['None'],Non_usability
NONE,Atom,mattgraham,12,12,67,25,Usability,['Usability'],Usability
NONE,Atom,briandoll,4,13,59,4,None,['None'],Non_usability
NONE,Atom,ymendel,10,13,42,11,None,['None'],Non_usability
CONTRIBUTOR,Atom,mutle,11,13,62,32,None,['None'],Non_usability
CONTRIBUTOR,Atom,vinbarnes,5,13,140,6,None,['None'],Non_usability
CONTRIBUTOR,Atom,defunkt,36,14,107,57,None,['None'],Non_usability
NONE,Atom,bleikamp,8,13,41,7,None,['None'],Non_usability
CONTRIBUTOR,Atom,nathansobo,150,13,101,1350,None,['None'],Non_usability
NONE,Atom,probablycorey,105,13,81,482,None,['None'],Non_usability
