author_association,project_name,username,number_posted_issues,years_member,number_repositories,number_comments,Agree_Usability,Agree_roles,Agree_usability_role
NONE,Jupyter_Lab,stonebig,12,8,157,60,None,['None'],Non_usability
NONE,Jupyter_Lab,cqcn1991,6,9,8,7,None,['None'],Non_usability
CONTRIBUTOR,Jupyter_Lab,eskirk,10,7,41,36,None,"['None', 'Usability']",Both_role
CONTRIBUTOR,Jupyter_Lab,eskirk,10,7,41,36,Usability,"['None', 'Usability']",Both_role
CONTRIBUTOR,Jupyter_Lab,samvasko,2,9,50,9,None,['None'],Non_usability
CONTRIBUTOR,Jupyter_Lab,faricacarroll,4,5,10,9,Usability,['Usability'],Usability
CONTRIBUTOR,Jupyter_Lab,fperez,41,12,141,172,Usability,"['Usability', 'None']",Both_role
MEMBER,Jupyter_Lab,rnetro,2,5,22,15,None,['None'],Non_usability
NONE,Jupyter_Lab,asmeurer,3,12,205,13,None,['None'],Non_usability
NONE,Jupyter_Lab,eco32i,2,8,33,3,None,['None'],Non_usability
CONTRIBUTOR,Jupyter_Lab,sccolbert,31,12,26,381,None,['None'],Non_usability
NONE,Jupyter_Lab,projetmbc,7,12,16,10,None,['None'],Non_usability
NONE,Jupyter_Lab,TheDataLeek,4,10,65,5,None,['None'],Non_usability
NONE,Jupyter_Lab,quantology,3,8,7,3,None,['None'],Non_usability
CONTRIBUTOR,Jupyter_Lab,fperez,41,12,141,172,None,"['Usability', 'None']",Both_role
NONE,Jupyter_Lab,bgatessucks,0,9,7,0,None,['None'],Non_usability
NONE,Jupyter_Lab,c123w,1,5,21,0,None,['None'],Non_usability
CONTRIBUTOR,Jupyter_Lab,minrk,25,12,659,745,Usability,['Usability'],Usability
MEMBER,Jupyter_Lab,AbdealiJK,33,9,36,65,None,['None'],Non_usability
NONE,Jupyter_Lab,benigls,0,7,13,0,None,['None'],Non_usability
NONE,Jupyter_Lab,alireza202,2,7,9,4,None,['None'],Non_usability
NONE,Jupyter_Lab,rsinha25,16,5,3,32,None,['None'],Non_usability
MEMBER,Jupyter_Lab,dhuebner,5,11,22,2,None,['None'],Non_usability
CONTRIBUTOR,Jupyter_Lab,willingc,25,9,793,258,None,['None'],Non_usability
NONE,Jupyter_Lab,dclong,42,10,180,46,Usability,"['Usability', 'None']",Both_role
MEMBER,Jupyter_Lab,afshin,40,12,105,67,None,"['None', 'Usability']",Both_role
MEMBER,Jupyter_Lab,Zsailer,2,9,206,67,None,['None'],Non_usability
NONE,Jupyter_Lab,StevenCHowell,7,7,47,8,Usability,['Usability'],Usability
NONE,Jupyter_Lab,krvkir,3,8,12,10,None,"['None', 'Usability']",Both_role
NONE,Jupyter_Lab,hainm,15,8,244,46,Usability,"['Usability', 'None']",Both_role
NONE,Jupyter_Lab,dclong,42,10,180,46,None,"['Usability', 'None']",Both_role
NONE,Jupyter_Lab,youngtackpark,1,5,1,0,None,['None'],Non_usability
NONE,Jupyter_Lab,hnykda,4,9,44,6,Usability,['Usability'],Usability
MEMBER,Jupyter_Lab,akosyakov,37,9,96,35,None,['None'],Non_usability
NONE,Jupyter_Lab,marberi,5,9,3,12,None,['None'],Non_usability
NONE,Jupyter_Lab,ghost,1314,13,0,2181,None,"['None', 'Usability']",Both_role
NONE,Jupyter_Lab,cailiang9,10,8,37,15,None,['None'],Non_usability
CONTRIBUTOR,Jupyter_Lab,hadim,7,11,210,42,Usability,['Usability'],Usability
NONE,Jupyter_Lab,lincolnfrias,2,6,13,2,None,['None'],Non_usability
NONE,Jupyter_Lab,krvkir,3,8,12,10,Usability,"['None', 'Usability']",Both_role
CONTRIBUTOR,Jupyter_Lab,scottdraves,6,10,9,17,Usability,"['Usability', 'None']",Both_role
NONE,Jupyter_Lab,joonro,9,10,76,27,Usability,['Usability'],Usability
CONTRIBUTOR,Jupyter_Lab,Carreau,177,11,475,905,Usability,"['None', 'Usability']",Both_role
NONE,Jupyter_Lab,stephenholtz,6,10,38,6,None,['None'],Non_usability
NONE,Jupyter_Lab,DevMui,3,5,13,7,None,['None'],Non_usability
CONTRIBUTOR,Jupyter_Lab,choldgraf,22,9,312,72,Usability,['Usability'],Usability
NONE,Jupyter_Lab,hainm,15,8,244,46,None,"['Usability', 'None']",Both_role
NONE,Jupyter_Lab,pesap,1,9,10,0,None,['None'],Non_usability
MEMBER,Jupyter_Lab,stsievert,5,9,159,23,Usability,['Usability'],Usability
MEMBER,Jupyter_Lab,dhirschfeld,41,10,175,207,None,"['None', 'Usability']",Both_role
NONE,Jupyter_Lab,PhE,1,10,54,0,None,['None'],Non_usability
NONE,Jupyter_Lab,shelper,3,10,20,3,Usability,['Usability'],Usability
MEMBER,Jupyter_Lab,birdsarah,5,9,53,8,None,['None'],Non_usability
CONTRIBUTOR,Jupyter_Lab,josephofiowa,1,6,62,0,None,['None'],Non_usability
NONE,Jupyter_Lab,sdaza,1,9,26,0,None,['None'],Non_usability
NONE,Jupyter_Lab,mlwohls,2,10,18,1,None,['None'],Non_usability
NONE,Jupyter_Lab,michaelaye,28,12,134,79,None,"['None', 'Usability']",Both_role
NONE,Jupyter_Lab,rydeng,12,7,12,21,None,['None'],Non_usability
NONE,Jupyter_Lab,zoof,1,9,3,0,None,['None'],Non_usability
MEMBER,Jupyter_Lab,mrocklin,12,11,244,11,None,['None'],Non_usability
NONE,Jupyter_Lab,joaonatali,1,9,10,1,None,['None'],Non_usability
NONE,Jupyter_Lab,astrojuanlu,2,11,271,7,Usability,['Usability'],Usability
NONE,Jupyter_Lab,CptanPanic,1,8,27,3,None,['None'],Non_usability
NONE,Jupyter_Lab,mrinalraghupathi,4,10,12,2,None,['None'],Non_usability
NONE,Jupyter_Lab,michaelaye,28,12,134,79,Usability,"['None', 'Usability']",Both_role
NONE,Jupyter_Lab,tomkooij,1,7,85,1,None,['None'],Non_usability
NONE,Jupyter_Lab,raviladhar,1,7,15,2,None,['None'],Non_usability
NONE,Jupyter_Lab,fridgerator,2,9,63,7,None,['None'],Non_usability
MEMBER,Jupyter_Lab,apsknight,7,5,49,3,None,['None'],Non_usability
MEMBER,Jupyter_Lab,akhmerov,43,9,48,37,Usability,"['None', 'Usability']",Both_role
MEMBER,Jupyter_Lab,timkpaine,16,9,170,118,Usability,"['Usability', 'None']",Both_role
NONE,Jupyter_Lab,jlewi,1,10,76,5,None,['None'],Non_usability
MEMBER,Jupyter_Lab,timkpaine,16,9,170,118,None,"['Usability', 'None']",Both_role
NONE,Jupyter_Lab,mgiugliano,1,7,33,1,None,['None'],Non_usability
NONE,Jupyter_Lab,astrofrog,2,11,383,2,None,['None'],Non_usability
NONE,Jupyter_Lab,ZelphirKaltstahl,15,6,77,32,None,['None'],Non_usability
MEMBER,Jupyter_Lab,vidartf,35,11,124,504,None,['None'],Non_usability
MEMBER,Jupyter_Lab,SylvainCorlay,29,9,390,111,None,"['None', 'Usability']",Both_role
NONE,Jupyter_Lab,quant9,1,8,21,2,Usability,['Usability'],Usability
NONE,Jupyter_Lab,np-22,2,6,0,4,None,['None'],Non_usability
NONE,Jupyter_Lab,mjspeck,1,5,34,3,None,['None'],Non_usability
NONE,Jupyter_Lab,paddington0814,1,4,9,1,None,['None'],Non_usability
CONTRIBUTOR,Jupyter_Lab,greenkeeper[bot],1,5,0,0,None,['None'],Non_usability
NONE,Jupyter_Lab,MasonProtter,1,4,91,1,Usability,['Usability'],Usability
CONTRIBUTOR,Jupyter_Lab,jzf2101,19,9,67,81,Usability,['Usability'],Usability
NONE,Jupyter_Lab,cancan101,9,12,143,15,Usability,['Usability'],Usability
NONE,Jupyter_Lab,ramav87,1,6,13,0,None,['None'],Non_usability
NONE,Jupyter_Lab,danpf,3,6,23,3,Usability,['Usability'],Usability
CONTRIBUTOR,Jupyter_Lab,mimischi,1,10,25,2,Usability,['Usability'],Usability
NONE,Jupyter_Lab,mocquin,7,3,17,6,Usability,"['Usability', 'None']",Both_role
NONE,Jupyter_Lab,mdeff,2,7,26,5,None,['None'],Non_usability
NONE,Jupyter_Lab,NicWayand,1,10,67,3,Usability,['Usability'],Usability
NONE,Jupyter_Lab,javeeddanyal,1,5,20,0,None,['None'],Non_usability
CONTRIBUTOR,Jupyter_Lab,scottdraves,6,10,9,17,None,"['Usability', 'None']",Both_role
CONTRIBUTOR,Jupyter_Lab,gnestor,43,11,122,585,None,['None'],Non_usability
NONE,Jupyter_Lab,bobtodd,1,10,27,3,None,['None'],Non_usability
NONE,Jupyter_Lab,harveyslash,1,7,13,0,None,['None'],Non_usability
NONE,Jupyter_Lab,maverik-akagami,1,6,60,0,None,['None'],Non_usability
NONE,Jupyter_Lab,matanc1,1,8,9,0,None,['None'],Non_usability
NONE,Jupyter_Lab,ktc312,1,6,38,1,None,['None'],Non_usability
NONE,Jupyter_Lab,JarnoRFB,1,7,72,3,None,['None'],Non_usability
NONE,Jupyter_Lab,tfabbri,1,8,13,1,None,['None'],Non_usability
NONE,Jupyter_Lab,annazhelt,1,6,7,2,None,['None'],Non_usability
MEMBER,Jupyter_Lab,ian-r-rose,45,8,146,730,None,"['None', 'Usability']",Both_role
NONE,Jupyter_Lab,qria,1,8,71,0,Usability,['Usability'],Usability
MEMBER,Jupyter_Lab,domoritz,12,10,335,53,None,['None'],Non_usability
MEMBER,Jupyter_Lab,dhirschfeld,41,10,175,207,Usability,"['None', 'Usability']",Both_role
MEMBER,Jupyter_Lab,ian-r-rose,45,8,146,730,Usability,"['None', 'Usability']",Both_role
NONE,Jupyter_Lab,basnijholt,3,7,269,9,Usability,['Usability'],Usability
NONE,Jupyter_Lab,halhenke,4,9,134,9,None,['None'],Non_usability
CONTRIBUTOR,Jupyter_Lab,Carreau,177,11,475,905,None,"['None', 'Usability']",Both_role
MEMBER,Jupyter_Lab,biermeester,1,10,2,11,None,['None'],Non_usability
NONE,Jupyter_Lab,isalirezag,7,6,10,6,None,['None'],Non_usability
NONE,Jupyter_Lab,t-makaro,4,5,10,16,None,['None'],Non_usability
NONE,Jupyter_Lab,stephanie-howson,3,3,4,7,Usability,['Usability'],Usability
CONTRIBUTOR,Jupyter_Lab,claresloggett,1,9,65,1,Usability,['Usability'],Usability
CONTRIBUTOR,Jupyter_Lab,krinsman,6,4,2,13,None,['None'],Non_usability
MEMBER,Jupyter_Lab,akhmerov,43,9,48,37,None,"['None', 'Usability']",Both_role
CONTRIBUTOR,Jupyter_Lab,david-a-wheeler,1,10,70,7,None,['None'],Non_usability
NONE,Jupyter_Lab,rickhg12hs,4,8,2,4,Usability,"['Usability', 'None']",Both_role
NONE,Jupyter_Lab,WesleyTheGeolien,2,5,26,2,None,['None'],Non_usability
NONE,Jupyter_Lab,bikashdube,0,7,3,0,None,['None'],Non_usability
NONE,Jupyter_Lab,mocquin,7,3,17,6,None,"['Usability', 'None']",Both_role
NONE,Jupyter_Lab,santoshamohan,1,3,5,2,None,['None'],Non_usability
NONE,Jupyter_Lab,rickhg12hs,4,8,2,4,None,"['Usability', 'None']",Both_role
NONE,Jupyter_Lab,rickystream94,1,5,8,1,None,['None'],Non_usability
NONE,Jupyter_Lab,emgrace1233,1,3,0,0,Usability,['Usability'],Usability
NONE,Jupyter_Lab,jimcost,1,7,3,0,None,['None'],Non_usability
NONE,Jupyter_Lab,kenjioman,2,4,6,2,None,['None'],Non_usability
CONTRIBUTOR,Jupyter_Lab,tgeorgeux,22,5,37,76,Usability,['Usability'],Usability
NONE,Jupyter_Lab,pavanagrawal123,2,5,34,3,None,['None'],Non_usability
NONE,Jupyter_Lab,amueller,8,11,186,20,Usability,['Usability'],Usability
NONE,Jupyter_Lab,wmayner,1,9,47,2,None,['None'],Non_usability
NONE,Jupyter_Lab,cossio,13,6,71,19,Usability,"['Usability', 'None']",Both_role
NONE,Jupyter_Lab,alabamagan,1,6,39,1,None,['None'],Non_usability
NONE,Jupyter_Lab,jacobtomlinson,5,9,176,14,Usability,"['Usability', 'None']",Both_role
NONE,Jupyter_Lab,ghost,1314,13,0,2181,Usability,"['None', 'Usability']",Both_role
NONE,Jupyter_Lab,eoinmurray,2,9,32,1,None,['None'],Non_usability
CONTRIBUTOR,Jupyter_Lab,flying-sheep,10,11,372,40,Usability,['Usability'],Usability
NONE,Jupyter_Lab,sballin,2,9,24,7,None,['None'],Non_usability
NONE,Jupyter_Lab,ryan4yin,2,5,19,3,Usability,['Usability'],Usability
NONE,Jupyter_Lab,dbk123,2,5,1,16,None,['None'],Non_usability
NONE,Jupyter_Lab,PhilosopherZ,1,4,15,3,None,['None'],Non_usability
NONE,Jupyter_Lab,janba,1,9,6,4,None,['None'],Non_usability
MEMBER,Jupyter_Lab,mbektas,6,3,16,9,None,['None'],Non_usability
NONE,Jupyter_Lab,mellowjoey,1,2,1,2,None,['None'],Non_usability
NONE,Jupyter_Lab,felipebmendes,3,3,10,3,None,['None'],Non_usability
NONE,Jupyter_Lab,rajabricks,1,2,1,2,None,['None'],Non_usability
NONE,Jupyter_Lab,OleMussmann,1,6,20,0,None,['None'],Non_usability
NONE,Jupyter_Lab,kgiacobbi,1,2,0,0,None,['None'],Non_usability
NONE,Jupyter_Lab,cossio,13,6,71,19,None,"['Usability', 'None']",Both_role
NONE,Jupyter_Lab,w-hc,3,5,13,3,None,['None'],Non_usability
NONE,Jupyter_Lab,guillemglez,2,4,9,1,None,['None'],Non_usability
NONE,Jupyter_Lab,navdeeprana,1,5,4,0,None,['None'],Non_usability
MEMBER,Jupyter_Lab,afshin,40,12,105,239,Usability,"['None', 'Usability']",Both_role
NONE,Jupyter_Lab,Anton-Velikodnyy,1,4,10,7,None,['None'],Non_usability
NONE,Jupyter_Lab,dansondergaard,1,11,12,1,None,['None'],Non_usability
NONE,Jupyter_Lab,clapierre,3,7,3,0,Usability,['Usability'],Usability
NONE,Jupyter_Lab,Junipyr,1,3,2,1,None,['None'],Non_usability
CONTRIBUTOR,Jupyter_Lab,jasongrout,280,11,204,4241,Usability,"['None', 'Usability']",Both_role
NONE,Jupyter_Lab,DipadityaDas,2,4,66,3,None,['None'],Non_usability
NONE,Jupyter_Lab,mwouts,5,4,53,9,None,['None'],Non_usability
CONTRIBUTOR,Jupyter_Lab,Queuecumber,2,8,46,6,Usability,['Usability'],Usability
NONE,Jupyter_Lab,levidd,1,3,7,4,None,['None'],Non_usability
NONE,Jupyter_Lab,Liwellyen,1,4,0,1,None,['None'],Non_usability
NONE,Jupyter_Lab,AeneasZhu,7,3,2,6,None,['None'],Non_usability
NONE,Jupyter_Lab,evildmp,1,12,59,3,None,['None'],Non_usability
NONE,Jupyter_Lab,wqh17101,1,4,31,12,None,['None'],Non_usability
NONE,Jupyter_Lab,thammegowda,1,9,49,1,Usability,['Usability'],Usability
CONTRIBUTOR,Jupyter_Lab,joelostblom,6,8,128,23,None,['None'],Non_usability
NONE,Jupyter_Lab,MLBurnham,1,3,10,1,None,['None'],Non_usability
NONE,Jupyter_Lab,robnagler,3,8,19,5,None,['None'],Non_usability
CONTRIBUTOR,Jupyter_Lab,mlucool,28,9,64,37,Usability,['Usability'],Usability
NONE,Jupyter_Lab,ianpdavies,1,5,9,1,None,['None'],Non_usability
NONE,Jupyter_Lab,wikwok,1,4,9,1,None,['None'],Non_usability
MEMBER,Jupyter_Lab,saulshanabrook,33,10,317,407,None,['None'],Non_usability
NONE,Jupyter_Lab,loremauro98,1,2,1,5,None,['None'],Non_usability
NONE,Jupyter_Lab,ShuoZ9379,1,4,11,1,None,['None'],Non_usability
NONE,Jupyter_Lab,zapsdus,1,3,2,1,None,['None'],Non_usability
MEMBER,Jupyter_Lab,fcollonval,42,7,138,92,Usability,"['Usability', 'None']",Both_role
MEMBER,Jupyter_Lab,jtpio,55,10,265,216,Usability,"['None', 'Usability']",Both_role
NONE,Jupyter_Lab,jiaqianjing,1,6,195,0,None,['None'],Non_usability
MEMBER,Jupyter_Lab,afshin,40,12,105,239,None,"['None', 'Usability']",Both_role
NONE,Jupyter_Lab,Juan-132,2,1,0,5,None,['None'],Non_usability
NONE,Jupyter_Lab,umerhasan17,1,5,28,1,None,['None'],Non_usability
NONE,Jupyter_Lab,andyhegedus,1,3,1,16,None,['None'],Non_usability
NONE,Jupyter_Lab,mike-matera,1,9,41,2,None,['None'],Non_usability
NONE,Jupyter_Lab,tarrade,1,6,9,2,None,['None'],Non_usability
CONTRIBUTOR,Jupyter_Lab,edzkite,4,2,0,21,Usability,['Usability'],Usability
CONTRIBUTOR,Jupyter_Lab,nguyenmanh1507,1,7,118,0,None,['None'],Non_usability
CONTRIBUTOR,Jupyter_Lab,stefansimik,6,8,0,15,None,['None'],Non_usability
NONE,Jupyter_Lab,aquirdTurtle,9,8,10,13,Usability,['Usability'],Usability
NONE,Jupyter_Lab,stevenruidigao,1,6,48,0,None,['None'],Non_usability
NONE,Jupyter_Lab,sammy-shao,1,4,18,2,None,['None'],Non_usability
NONE,Jupyter_Lab,allenzhao,1,8,43,1,None,['None'],Non_usability
NONE,Jupyter_Lab,jtnath,1,8,15,4,None,['None'],Non_usability
NONE,Jupyter_Lab,al3hishek,1,7,15,1,None,['None'],Non_usability
NONE,Jupyter_Lab,kris-singh,1,6,49,0,None,['None'],Non_usability
NONE,Jupyter_Lab,LukaPitamic,2,4,3,8,Usability,['Usability'],Usability
NONE,Jupyter_Lab,pmarcellino,1,2,2,3,None,['None'],Non_usability
NONE,Jupyter_Lab,ahmadmustafaanis,1,2,15,1,None,['None'],Non_usability
CONTRIBUTOR,Jupyter_Lab,echarles,21,11,2,178,None,['None'],Non_usability
NONE,Jupyter_Lab,manics,2,9,247,0,None,['None'],Non_usability
MEMBER,Jupyter_Lab,blink1073,262,9,265,2932,Usability,"['None', 'Usability']",Both_role
MEMBER,Jupyter_Lab,blink1073,262,9,265,2932,None,"['None', 'Usability']",Both_role
CONTRIBUTOR,Jupyter_Lab,ellisonbg,275,13,189,1234,None,"['Usability', 'None']",Both_role
CONTRIBUTOR,Jupyter_Lab,ellisonbg,275,13,189,1234,Usability,"['Usability', 'None']",Both_role
NONE,Jupyter_Lab,zilbert97,1,1,12,1,None,['None'],Non_usability
NONE,Jupyter_Lab,aniket02k,1,5,3,0,None,['None'],Non_usability
CONTRIBUTOR,Jupyter_Lab,jasongrout,280,11,204,4241,None,"['None', 'Usability']",Both_role
NONE,Jupyter_Lab,jgreenwo34,1,1,4,1,None,['None'],Non_usability
NONE,Jupyter_Lab,SatanikRay91,1,3,5,3,None,['None'],Non_usability
CONTRIBUTOR,Jupyter_Lab,ajbozarth,6,6,25,48,None,['None'],Non_usability
NONE,Jupyter_Lab,TK-21st,8,4,36,6,None,['None'],Non_usability
NONE,Jupyter_Lab,scottwsides,5,6,0,18,None,['None'],Non_usability
NONE,Jupyter_Lab,moghtader,1,8,1,0,Usability,['Usability'],Usability
NONE,Jupyter_Lab,tirumerla,4,2,9,11,None,['None'],Non_usability
NONE,Jupyter_Lab,nspiller,1,4,7,0,None,['None'],Non_usability
NONE,Jupyter_Lab,mattzque,1,3,11,0,Usability,['Usability'],Usability
NONE,Jupyter_Lab,ptitzler,1,6,84,2,None,['None'],Non_usability
NONE,Jupyter_Lab,CodeCox,1,3,8,1,None,['None'],Non_usability
CONTRIBUTOR,Jupyter_Lab,agoose77,5,10,137,69,None,['None'],Non_usability
NONE,Jupyter_Lab,ItamarShDev,1,10,33,1,Usability,['Usability'],Usability
NONE,Jupyter_Lab,And370,1,4,11,3,None,['None'],Non_usability
NONE,Jupyter_Lab,birdalugureren,1,4,17,0,None,['None'],Non_usability
MEMBER,Jupyter_Lab,JohanMabille,1,7,181,6,None,['None'],Non_usability
NONE,Jupyter_Lab,vlavorini,2,7,8,1,None,['None'],Non_usability
NONE,Jupyter_Lab,cannonja,1,7,18,1,None,['None'],Non_usability
NONE,Jupyter_Lab,wmhcqw,1,1,4,2,Usability,['Usability'],Usability
NONE,Jupyter_Lab,julianrosen,1,5,11,0,None,['None'],Non_usability
NONE,Jupyter_Lab,tobycc1990,1,7,15,2,None,['None'],Non_usability
NONE,Jupyter_Lab,Sid281216,1,1,0,3,None,['None'],Non_usability
CONTRIBUTOR,Jupyter_Lab,DianeHu,2,4,12,5,Usability,['Usability'],Usability
NONE,Jupyter_Lab,humbledude,1,6,31,2,None,['None'],Non_usability
NONE,Jupyter_Lab,felixxcheng,1,1,0,2,None,['None'],Non_usability
MEMBER,Jupyter_Lab,hbcarlos,7,4,43,11,None,['None'],Non_usability
NONE,Jupyter_Lab,chwrtlprmft,1,1,6,6,None,['None'],Non_usability
CONTRIBUTOR,Jupyter_Lab,ianhi,11,7,108,46,None,['None'],Non_usability
MEMBER,Jupyter_Lab,jtpio,55,10,265,216,None,"['None', 'Usability']",Both_role
MEMBER,Jupyter_Lab,vkaidalov-rft,1,0,1,0,Usability,['Usability'],Usability
MEMBER,Jupyter_Lab,SylvainCorlay,29,9,390,111,Usability,"['None', 'Usability']",Both_role
NONE,Jupyter_Lab,thoward27,1,6,15,0,None,['None'],Non_usability
MEMBER,Jupyter_Lab,fcollonval,42,7,138,92,None,"['Usability', 'None']",Both_role
MEMBER,Jupyter_Lab,dmonad,1,8,40,6,None,['None'],Non_usability
NONE,Jupyter_Lab,gloryVine,1,5,3,2,Usability,['Usability'],Usability
NONE,Jupyter_Lab,StefanBrand,3,7,25,4,None,['None'],Non_usability
NONE,Jupyter_Lab,jacobtomlinson,5,9,176,14,None,"['Usability', 'None']",Both_role
MEMBER,Jupyter_Lab,krassowski,39,8,151,200,None,['None'],Non_usability
MEMBER,Google_Colab,craigcitro,2,11,78,503,None,['None'],Non_usability
CONTRIBUTOR,Google_Colab,blois,11,9,60,1,None,"['None', 'Usability']",Both_role
NONE,Google_Colab,yiga2,1,4,2,1,None,['None'],Non_usability
NONE,Google_Colab,qbx2,1,8,61,0,Usability,['Usability'],Usability
NONE,Google_Colab,briancullinan,5,4,96,22,None,['None'],Non_usability
NONE,Google_Colab,gaceladri,1,7,79,0,None,['None'],Non_usability
NONE,Google_Colab,prajjwal1,1,5,28,0,None,['None'],Non_usability
NONE,Google_Colab,JaveriaAkbar,1,5,1,3,None,['None'],Non_usability
NONE,Google_Colab,amit-eee,1,6,31,1,None,['None'],Non_usability
NONE,Google_Colab,jonschull,2,12,33,2,None,['None'],Non_usability
NONE,Google_Colab,aaryapatel007,0,4,19,0,None,['None'],Non_usability
NONE,Google_Colab,lefant,1,12,51,2,None,['None'],Non_usability
NONE,Google_Colab,ArEnSc,1,8,79,0,None,['None'],Non_usability
NONE,Google_Colab,BrazilForever11,2,6,6,0,None,['None'],Non_usability
NONE,Google_Colab,Rhuax,1,7,19,0,None,['None'],Non_usability
NONE,Google_Colab,RParedesPalacios,1,5,10,4,None,['None'],Non_usability
NONE,Google_Colab,stevessschen,1,3,5,0,None,['None'],Non_usability
NONE,Google_Colab,westurner,3,12,400,3,None,['None'],Non_usability
NONE,Google_Colab,pedroveloso13,1,6,12,4,None,['None'],Non_usability
NONE,Google_Colab,eliezerfb,1,4,41,2,None,['None'],Non_usability
NONE,Google_Colab,varunnrao,1,4,6,2,None,['None'],Non_usability
NONE,Google_Colab,swnesbitt,2,8,53,2,None,['None'],Non_usability
NONE,Google_Colab,gaitskell,2,8,1,0,None,['None'],Non_usability
NONE,Google_Colab,saintthor,2,8,9,5,Usability,['Usability'],Usability
NONE,Google_Colab,Lazy-Propagator,1,5,10,0,None,['None'],Non_usability
NONE,Google_Colab,vinzeebreak,1,5,11,1,None,['None'],Non_usability
NONE,Google_Colab,Omegastick,1,5,23,2,None,['None'],Non_usability
NONE,Google_Colab,andrenmo,1,5,0,1,None,['None'],Non_usability
NONE,Google_Colab,balavenkatesh3322,0,5,30,0,None,['None'],Non_usability
NONE,Google_Colab,LastSamurai333,1,4,6,0,None,['None'],Non_usability
NONE,Google_Colab,koshygeoji,1,3,17,0,None,['None'],Non_usability
NONE,Google_Colab,Androbin,2,6,63,5,None,['None'],Non_usability
NONE,Google_Colab,vedal,3,5,12,1,Usability,['Usability'],Usability
NONE,Google_Colab,hermesribeiro,1,6,13,0,None,['None'],Non_usability
NONE,Google_Colab,angshusuri,1,4,5,0,None,['None'],Non_usability
NONE,Google_Colab,mattjs,0,9,15,0,None,['None'],Non_usability
NONE,Google_Colab,stewart-r,1,8,55,1,None,['None'],Non_usability
NONE,Google_Colab,WillArevalo,0,5,95,0,Usability,['Usability'],Usability
NONE,Google_Colab,omrylcn,1,5,20,0,None,['None'],Non_usability
NONE,Google_Colab,jonbaer,1,13,287,0,None,['None'],Non_usability
NONE,Google_Colab,avinashsai,2,5,87,7,None,['None'],Non_usability
NONE,Google_Colab,shivaniNK8,0,7,6,0,None,['None'],Non_usability
NONE,Google_Colab,sugatoray,1,7,67,0,None,['None'],Non_usability
NONE,Google_Colab,chauhanakash23,1,4,23,0,None,['None'],Non_usability
NONE,Google_Colab,dwy904,1,6,6,3,Usability,['Usability'],Usability
NONE,Google_Colab,prantostic,1,6,11,0,None,['None'],Non_usability
NONE,Google_Colab,Yumolan,1,3,1,0,None,['None'],Non_usability
NONE,Google_Colab,kechan,4,12,23,7,None,['None'],Non_usability
NONE,Google_Colab,flipflopbboi,3,3,4,4,None,['None'],Non_usability
NONE,Google_Colab,ballcap231,1,3,34,3,None,['None'],Non_usability
NONE,Google_Colab,mantou16,1,7,6,0,None,['None'],Non_usability
NONE,Google_Colab,paulgureghian,5,7,110,3,None,"['None', 'Usability']",Both_role
NONE,Google_Colab,aprbw,1,3,6,1,None,['None'],Non_usability
NONE,Google_Colab,bilalsoomro,1,7,18,2,None,['None'],Non_usability
NONE,Google_Colab,tumble-weed,2,7,52,2,None,['None'],Non_usability
NONE,Google_Colab,vithmel,1,6,3,1,None,['None'],Non_usability
NONE,Google_Colab,Erickrus,1,9,43,1,None,['None'],Non_usability
NONE,Google_Colab,tl-yang,1,4,10,0,None,['None'],Non_usability
NONE,Google_Colab,moonshoes87,1,9,13,2,None,['None'],Non_usability
NONE,Google_Colab,discdiver,3,7,128,4,None,['None'],Non_usability
NONE,Google_Colab,dyl4nm4rsh4ll,2,6,2,0,None,"['None', 'Usability']",Both_role
NONE,Google_Colab,gogela,1,8,14,1,None,['None'],Non_usability
NONE,Google_Colab,ShumzZ,1,5,5,1,None,['None'],Non_usability
NONE,Google_Colab,phly95,1,8,3,0,None,['None'],Non_usability
NONE,Google_Colab,siddhu619,1,5,3,1,None,['None'],Non_usability
NONE,Google_Colab,denfromufa,1,7,179,4,Usability,"['Usability', 'None']",Both_role
NONE,Google_Colab,shyamalschandra,4,7,2010,3,None,['None'],Non_usability
NONE,Google_Colab,furbyman,1,3,4,0,None,['None'],Non_usability
NONE,Google_Colab,ale0xb,1,11,37,0,None,['None'],Non_usability
NONE,Google_Colab,reiinakano,1,5,75,0,None,['None'],Non_usability
NONE,Google_Colab,davidkant,1,8,25,1,None,['None'],Non_usability
NONE,Google_Colab,joefriel,1,8,0,1,None,['None'],Non_usability
NONE,Google_Colab,frhyme,1,7,8,2,None,['None'],Non_usability
CONTRIBUTOR,Google_Colab,colaboratory-team,1,3,2,401,None,['None'],Non_usability
NONE,Google_Colab,Melanol,2,4,6,4,None,['None'],Non_usability
NONE,Google_Colab,kmaehashi,1,10,156,1,None,['None'],Non_usability
NONE,Google_Colab,zeki6,1,3,1,0,None,['None'],Non_usability
NONE,Google_Colab,sergiosonline,1,3,12,0,Usability,['Usability'],Usability
NONE,Google_Colab,noblakit01,1,8,45,1,None,['None'],Non_usability
NONE,Google_Colab,esemeniuc,2,8,99,1,None,['None'],Non_usability
NONE,Google_Colab,KarthikMgk,1,3,22,0,None,['None'],Non_usability
NONE,Google_Colab,Amit1110,1,6,16,0,Usability,['Usability'],Usability
NONE,Google_Colab,ogenev,1,3,23,2,None,['None'],Non_usability
NONE,Google_Colab,bacloud14,1,7,48,0,None,['None'],Non_usability
NONE,Google_Colab,ericricky,2,3,8,5,Usability,['Usability'],Usability
NONE,Google_Colab,naffan2014,1,7,21,0,None,['None'],Non_usability
NONE,Google_Colab,Ali-Abdelkhalek,1,3,2,2,None,['None'],Non_usability
NONE,Google_Colab,renedlog,1,6,22,0,None,['None'],Non_usability
NONE,Google_Colab,Dkreitzer,1,3,23,0,Usability,['Usability'],Usability
NONE,Google_Colab,Kd710306,1,4,16,0,None,['None'],Non_usability
NONE,Google_Colab,maggiezha,1,3,8,1,None,['None'],Non_usability
NONE,Google_Colab,vb2005,1,6,5,0,None,['None'],Non_usability
NONE,Google_Colab,AdityaOli,1,7,60,0,None,['None'],Non_usability
NONE,Google_Colab,ZackPashkin,1,3,101,1,None,['None'],Non_usability
NONE,Google_Colab,reddragon,1,11,70,2,Usability,['Usability'],Usability
NONE,Google_Colab,skepticalsports,1,7,1,0,Usability,['Usability'],Usability
NONE,Google_Colab,johnnykost,1,7,1,0,None,['None'],Non_usability
CONTRIBUTOR,Google_Colab,blois,11,9,60,389,Usability,"['None', 'Usability']",Both_role
NONE,Google_Colab,paulgureghian,5,7,110,3,Usability,"['None', 'Usability']",Both_role
NONE,Google_Colab,denfromufa,1,7,179,4,None,"['Usability', 'None']",Both_role
NONE,Google_Colab,surya-palaniswamy,1,5,13,0,None,['None'],Non_usability
NONE,Google_Colab,vainaijr,21,3,19,0,Usability,"['Usability', 'None']",Both_role
NONE,Google_Colab,Nibba2018,1,4,77,0,None,['None'],Non_usability
NONE,Google_Colab,arunsubk,2,3,9,2,Usability,['Usability'],Usability
NONE,Google_Colab,silversillu,1,7,15,1,None,['None'],Non_usability
NONE,Google_Colab,rajatmodi62,1,7,62,0,None,['None'],Non_usability
NONE,Google_Colab,Santosh-Gupta,7,8,48,11,Usability,"['Usability', 'None']",Both_role
NONE,Google_Colab,ManzarIMalik,1,4,13,4,None,['None'],Non_usability
CONTRIBUTOR,Google_Colab,blois,11,9,60,389,None,"['None', 'Usability']",Both_role
NONE,Google_Colab,Dvir1992,1,2,1,0,None,['None'],Non_usability
NONE,Google_Colab,letanloc1998,2,4,29,2,None,['None'],Non_usability
NONE,Google_Colab,joyjitchatterjee,1,5,31,0,None,['None'],Non_usability
NONE,Google_Colab,kokkinosv,1,4,7,0,None,['None'],Non_usability
NONE,Google_Colab,harsh3698,1,3,7,0,None,['None'],Non_usability
NONE,Google_Colab,kongjunt,1,2,0,0,None,['None'],Non_usability
NONE,Google_Colab,forever208,1,3,14,0,None,['None'],Non_usability
NONE,Google_Colab,jakepezaro,1,7,0,2,None,['None'],Non_usability
NONE,Google_Colab,manojneuro,18,4,5,0,None,"['None', 'Usability']",Both_role
NONE,Google_Colab,manojneuro,18,4,5,0,Usability,"['None', 'Usability']",Both_role
NONE,Google_Colab,ankit-patel-1404,1,3,0,0,None,['None'],Non_usability
NONE,Google_Colab,root-ethanhunt,1,2,19,0,None,['None'],Non_usability
NONE,Google_Colab,vainaijr,21,3,19,13,Usability,"['Usability', 'None']",Both_role
NONE,Google_Colab,yash04singh,1,5,7,0,None,['None'],Non_usability
NONE,Google_Colab,fareshan,1,6,3,1,Usability,['Usability'],Usability
NONE,Google_Colab,eda-ricercatore,1,5,53,0,None,['None'],Non_usability
NONE,Google_Colab,soumith,7,9,163,8,None,['None'],Non_usability
NONE,Google_Colab,WenshanLiang,1,3,8,1,None,['None'],Non_usability
NONE,Google_Colab,lukereichold,1,10,60,1,Usability,['Usability'],Usability
NONE,Google_Colab,beli,1,12,3,2,None,['None'],Non_usability
NONE,Google_Colab,abdallah197,1,4,17,1,None,['None'],Non_usability
NONE,Google_Colab,dyl4nm4rsh4ll,2,6,2,0,Usability,"['None', 'Usability']",Both_role
NONE,Google_Colab,uramer,1,9,18,0,None,['None'],Non_usability
NONE,Google_Colab,cytotechnologist,1,2,1,0,None,['None'],Non_usability
NONE,Google_Colab,junwen-austin,2,3,4,1,None,['None'],Non_usability
NONE,Google_Colab,karanaryan07,1,3,34,0,Usability,['Usability'],Usability
NONE,Google_Colab,mc51,1,4,16,1,None,['None'],Non_usability
NONE,Google_Colab,NikhilG50,1,3,11,0,None,['None'],Non_usability
NONE,Google_Colab,Tylersuard,3,3,53,0,None,['None'],Non_usability
NONE,Google_Colab,NicolasMontes,0,4,4,0,None,['None'],Non_usability
NONE,Google_Colab,WXslaughter,1,1,1,4,None,['None'],Non_usability
NONE,Google_Colab,amlaaniiitd,1,1,0,0,None,['None'],Non_usability
NONE,Google_Colab,Army1996,0,1,1,0,None,['None'],Non_usability
NONE,Google_Colab,kirk86,1,9,220,2,None,['None'],Non_usability
NONE,Google_Colab,kiranchhetri1,4,1,14,1,None,['None'],Non_usability
NONE,Google_Colab,Pacerzhujiang0112,1,1,13,1,None,['None'],Non_usability
NONE,Google_Colab,YucelPeynirci,1,4,5,2,None,['None'],Non_usability
NONE,Google_Colab,ganeshmastud,1,2,26,0,None,['None'],Non_usability
NONE,Google_Colab,paulnicholas,1,8,4,0,None,['None'],Non_usability
NONE,Google_Colab,4hseproject,1,3,3,0,None,['None'],Non_usability
NONE,Google_Colab,sdierauf,1,9,128,0,None,['None'],Non_usability
NONE,Google_Colab,harshdhamecha,1,1,13,0,None,['None'],Non_usability
NONE,Google_Colab,hima111997,1,2,21,0,None,['None'],Non_usability
NONE,Google_Colab,agodon,1,3,1,0,None,['None'],Non_usability
NONE,Google_Colab,nilotpalc,1,1,7,0,None,['None'],Non_usability
NONE,Google_Colab,chervov,1,9,4,0,None,['None'],Non_usability
NONE,Google_Colab,cositotito,0,2,58,0,None,['None'],Non_usability
NONE,Google_Colab,sp7412,0,8,7,0,None,['None'],Non_usability
NONE,Google_Colab,elizabethswkim,1,2,1,1,None,['None'],Non_usability
NONE,Google_Colab,artirocks,0,2,40,0,None,['None'],Non_usability
NONE,Google_Colab,jraman,1,12,52,0,None,['None'],Non_usability
NONE,Google_Colab,TabithaKO,1,2,37,0,None,['None'],Non_usability
NONE,Google_Colab,jianmosier,2,5,13,3,None,['None'],Non_usability
NONE,Google_Colab,ALK26,1,1,3,0,None,['None'],Non_usability
NONE,Google_Colab,zaharyonok,1,4,4,0,None,['None'],Non_usability
NONE,Google_Colab,vsanz,1,8,7,0,None,['None'],Non_usability
NONE,Google_Colab,Danc2050,1,4,25,6,Usability,['Usability'],Usability
NONE,Google_Colab,Pinh13,1,1,3,0,None,['None'],Non_usability
NONE,Google_Colab,me-my-aloha,2,1,0,0,None,['None'],Non_usability
NONE,Google_Colab,manichaw,1,1,3,0,None,['None'],Non_usability
NONE,Google_Colab,cameliaburlacu98,1,2,6,0,None,['None'],Non_usability
NONE,Google_Colab,dshalin,1,7,0,0,None,['None'],Non_usability
NONE,Google_Colab,sinclairjang,1,2,3,0,None,['None'],Non_usability
NONE,Google_Colab,sd2001,1,2,55,0,Usability,['Usability'],Usability
NONE,Google_Colab,deeppatel4557,1,2,11,0,None,['None'],Non_usability
NONE,Google_Colab,bikcrum,2,5,102,1,Usability,['Usability'],Usability
NONE,Google_Colab,AllenAnsari,1,2,8,1,None,['None'],Non_usability
NONE,Google_Colab,Bertik23,1,3,43,1,None,['None'],Non_usability
NONE,Google_Colab,wishforgood,1,7,23,1,Usability,['Usability'],Usability
NONE,Google_Colab,ghsama,1,5,2,0,None,['None'],Non_usability
NONE,Google_Colab,gd404,1,2,4,0,None,['None'],Non_usability
NONE,Google_Colab,shoyer,2,10,82,2,Usability,['Usability'],Usability
NONE,Google_Colab,ChandlerTayek,1,7,29,1,None,['None'],Non_usability
NONE,Google_Colab,SeePetulaCode,1,4,48,1,None,['None'],Non_usability
NONE,Google_Colab,neonbjb,1,10,33,0,None,['None'],Non_usability
NONE,Google_Colab,Ritesh313,1,3,18,2,None,['None'],Non_usability
NONE,Google_Colab,dikshaaswal,1,6,13,1,None,['None'],Non_usability
NONE,Google_Colab,besscella,1,1,0,0,None,['None'],Non_usability
NONE,Google_Colab,Santosh-Gupta,7,8,48,11,None,"['Usability', 'None']",Both_role
NONE,Google_Colab,1-owo-1,1,1,0,0,None,['None'],Non_usability
NONE,Google_Colab,rchurt,3,6,15,7,None,['None'],Non_usability
NONE,Google_Colab,kamalWam,1,8,9,0,None,['None'],Non_usability
NONE,Google_Colab,Ehab-Hegazi,1,2,17,0,None,['None'],Non_usability
NONE,Google_Colab,FarazNadeem22,1,1,5,4,None,['None'],Non_usability
NONE,Google_Colab,nneibaue,1,7,9,1,None,['None'],Non_usability
NONE,Google_Colab,qraleq,1,6,9,2,None,['None'],Non_usability
NONE,Google_Colab,Hohahahaoahaah,1,1,0,0,None,['None'],Non_usability
NONE,Google_Colab,vainaijr,21,3,19,13,None,"['Usability', 'None']",Both_role
NONE,Google_Colab,Neubauer-A,0,1,7,0,None,['None'],Non_usability
NONE,Google_Colab,sathvikng,1,2,17,0,None,['None'],Non_usability
NONE,Google_Colab,thomasdkelly,1,4,8,0,None,['None'],Non_usability
NONE,Google_Colab,Ahmed-Alghliz,1,1,2,0,None,['None'],Non_usability
NONE,Google_Colab,jielu0728,1,6,10,0,None,['None'],Non_usability
NONE,Google_Colab,alongstar518,1,6,53,0,None,['None'],Non_usability
NONE,Google_Colab,LIANGNAIJEN,2,2,3,4,None,['None'],Non_usability
NONE,Google_Colab,JulianneLee,1,4,6,1,None,['None'],Non_usability
NONE,Google_Colab,sajanraj,1,4,54,1,None,['None'],Non_usability
NONE,Google_Colab,miracle6719,2,1,0,0,None,['None'],Non_usability
NONE,Google_Colab,kkruups,1,9,29,1,None,['None'],Non_usability
NONE,Google_Colab,hxrnedserpent,1,1,1,0,Usability,['Usability'],Usability
NONE,Google_Colab,JUNGYO,0,5,13,0,None,['None'],Non_usability
NONE,Google_Colab,1996SEJR,1,3,4,1,None,['None'],Non_usability
NONE,Google_Colab,Nibedita84,1,4,0,1,None,['None'],Non_usability
NONE,Google_Colab,AnandaSP,0,1,3,0,None,['None'],Non_usability
NONE,Google_Colab,ruchikalalit,1,3,1,1,None,['None'],Non_usability
NONE,Google_Colab,vikalpjain91,4,6,7,17,None,['None'],Non_usability
NONE,Google_Colab,RicCu,1,7,14,1,None,['None'],Non_usability
NONE,Google_Colab,Mr0grog,1,12,99,1,Usability,['Usability'],Usability
NONE,Google_Colab,abehzad,1,3,4,0,None,['None'],Non_usability
NONE,Google_Colab,world2vec,3,7,36,8,None,['None'],Non_usability
NONE,Google_Colab,josephrocca,2,10,92,1,None,['None'],Non_usability
NONE,Google_Colab,shivanisisodia7,1,1,7,0,None,['None'],Non_usability
NONE,Google_Colab,Themrpie,1,1,0,0,None,['None'],Non_usability
NONE,Google_Colab,baymak,1,5,2,1,None,['None'],Non_usability
NONE,Google_Colab,ghost,1314,13,0,2181,None,['None'],Non_usability
NONE,Google_Colab,celsofranssa,1,6,21,1,None,['None'],Non_usability
NONE,Google_Colab,waxb,1,7,15,1,None,['None'],Non_usability
NONE,Google_Colab,Th3-M3nt0r,1,3,5,0,None,['None'],Non_usability
NONE,Google_Colab,Smankusors,1,7,24,5,None,['None'],Non_usability
NONE,Google_Colab,jalgalvis,1,3,6,0,None,['None'],Non_usability
NONE,Google_Colab,JonathanSum,1,5,96,3,None,['None'],Non_usability
NONE,Google_Colab,tigersoldier,1,11,34,0,None,['None'],Non_usability
NONE,Google_Colab,jhihn,1,8,12,0,None,['None'],Non_usability
NONE,Google_Colab,ShadiyaIffath,1,4,15,0,None,['None'],Non_usability
NONE,Google_Colab,davetew,1,5,7,1,None,['None'],Non_usability
NONE,Google_Colab,st12343,2,1,0,2,None,['None'],Non_usability
NONE,Google_Colab,varundhingra004,1,6,10,3,None,['None'],Non_usability
NONE,Google_Colab,kesterlester,1,9,8,0,None,['None'],Non_usability
NONE,Google_Colab,seemethere,7,9,178,2,None,['None'],Non_usability
NONE,Google_Colab,hhien,1,5,4,0,None,['None'],Non_usability
NONE,Google_Colab,dpesios,1,5,2,0,None,['None'],Non_usability
NONE,Google_Colab,ip2211,1,2,3,0,None,['None'],Non_usability
NONE,Google_Colab,mfiro,2,2,17,0,None,['None'],Non_usability
NONE,Google_Colab,RushnaiwalaTaki,1,4,13,0,None,['None'],Non_usability
NONE,Google_Colab,chubbant,1,8,1,1,None,['None'],Non_usability
NONE,Google_Colab,Thushar-marvel,1,1,10,0,None,['None'],Non_usability
NONE,Google_Colab,matovu-farid,1,1,10,0,None,['None'],Non_usability
NONE,Google_Colab,kinna082,1,5,3,0,None,['None'],Non_usability
NONE,Google_Colab,jameshfisher,5,12,157,2,None,['None'],Non_usability
NONE,Google_Colab,sirinath,4,10,170,0,None,['None'],Non_usability
NONE,Google_Colab,matteo-ticli,1,1,3,0,None,['None'],Non_usability
NONE,Google_Colab,chandukiran13,1,3,8,0,None,['None'],Non_usability
NONE,Google_Colab,snakuch1,1,0,0,1,None,['None'],Non_usability
NONE,Google_Colab,hhoppe,1,6,10,0,Usability,['Usability'],Usability
NONE,Google_Colab,ender-wieczorek,1,5,0,1,None,['None'],Non_usability
NONE,Google_Colab,pleabargain,11,10,76,36,None,['None'],Non_usability
NONE,Google_Colab,ljluisjimenez12,1,0,0,0,None,['None'],Non_usability
NONE,Google_Colab,MrZethaz,1,0,3,1,None,['None'],Non_usability
NONE,Google_Colab,vitocorleone2000,1,2,4,1,None,['None'],Non_usability
NONE,Google_Colab,flydragon2018,1,3,56,0,Usability,['Usability'],Usability
NONE,Google_Colab,Aivean,1,9,31,0,Usability,['Usability'],Usability
NONE,Google_Colab,Azure-Tang,1,2,11,0,None,['None'],Non_usability
NONE,Google_Colab,chillaxkrish,2,1,3,0,None,['None'],Non_usability
NONE,Google_Colab,Sajal-1,1,3,0,1,None,['None'],Non_usability
NONE,Google_Colab,fatajima,2,0,1,0,None,['None'],Non_usability
NONE,Google_Colab,totoadel,1,5,10,0,None,['None'],Non_usability
NONE,Google_Colab,Marimuthu0403,1,0,0,0,None,['None'],Non_usability
NONE,Google_Colab,TaskManager91,1,7,13,0,None,['None'],Non_usability
NONE,Google_Colab,Vasthard5537,1,0,0,0,None,['None'],Non_usability
NONE,Google_Colab,manojravuri,1,5,5,0,None,['None'],Non_usability
NONE,Google_Colab,JDH1729,1,0,0,2,None,['None'],Non_usability
NONE,Google_Colab,saakshi077,1,2,4,1,None,['None'],Non_usability
NONE,Google_Colab,Patrickbro13,1,2,0,2,None,['None'],Non_usability
NONE,Google_Colab,t10782,0,7,1,0,None,['None'],Non_usability
NONE,Google_Colab,mRcSchwering,1,5,27,1,None,['None'],Non_usability
NONE,Google_Colab,PCdurham,1,2,4,0,None,['None'],Non_usability
NONE,CoCalc,atbug,1,7,9,3,None,['None'],Non_usability
NONE,CoCalc,semorrison,4,11,77,0,None,['None'],Non_usability
NONE,CoCalc,projetmbc,7,12,16,10,Usability,['Usability'],Usability
CONTRIBUTOR,CoCalc,jasongrout,280,11,204,4241,None,['None'],Non_usability
NONE,CoCalc,timclemans206,3,6,1,0,None,['None'],Non_usability
NONE,CoCalc,gabindu,3,6,8,9,None,['None'],Non_usability
CONTRIBUTOR,CoCalc,Ahuchala,12,7,3,10,None,"['None', 'Usability']",Both_role
NONE,CoCalc,rbeezer,7,9,26,13,None,"['None', 'Usability']",Both_role
NONE,CoCalc,rbeezer,7,9,26,13,Usability,"['None', 'Usability']",Both_role
NONE,CoCalc,nbruin,2,9,8,0,None,['None'],Non_usability
CONTRIBUTOR,CoCalc,Ahuchala,12,7,3,10,Usability,"['None', 'Usability']",Both_role
NONE,CoCalc,bvoight,1,7,7,1,None,['None'],Non_usability
NONE,CoCalc,sidgairo18,0,7,42,0,None,['None'],Non_usability
NONE,CoCalc,jpedroan,2,10,3,0,None,['None'],Non_usability
NONE,CoCalc,mkrnc,1,7,8,2,None,['None'],Non_usability
NONE,CoCalc,chrmiles,1,5,0,1,None,['None'],Non_usability
NONE,CoCalc,XayOn,1,12,57,1,None,['None'],Non_usability
NONE,CoCalc,GregoryBard,7,5,1,29,None,['None'],Non_usability
NONE,CoCalc,jaiagreen,2,7,2,0,None,['None'],Non_usability
CONTRIBUTOR,CoCalc,johnjeng,33,10,18,163,Usability,"['None', 'Usability']",Both_role
CONTRIBUTOR,CoCalc,simonluu,7,5,12,14,None,['None'],Non_usability
CONTRIBUTOR,CoCalc,timothyclemansinsea,84,6,21,77,Usability,"['Usability', 'None']",Both_role
CONTRIBUTOR,CoCalc,timothyclemansinsea,84,6,21,77,None,"['Usability', 'None']",Both_role
NONE,CoCalc,Carreau,177,11,475,905,Usability,['Usability'],Usability
NONE,CoCalc,zeigerpuppy,10,11,101,8,None,['None'],Non_usability
COLLABORATOR,CoCalc,slel,33,9,147,0,None,"['None', 'Usability']",Both_role
NONE,CoCalc,TimMcLEC,1,4,0,0,None,['None'],Non_usability
NONE,CoCalc,cscheffler,1,11,17,4,None,['None'],Non_usability
NONE,CoCalc,kedlaya,8,9,17,9,None,['None'],Non_usability
NONE,CoCalc,Newmsy,1,3,8,0,None,['None'],Non_usability
NONE,CoCalc,tlinnet,1,10,31,3,None,['None'],Non_usability
CONTRIBUTOR,CoCalc,edgarcosta,7,11,69,7,None,"['None', 'Usability']",Both_role
NONE,CoCalc,subhamghosh,2,3,6,0,None,['None'],Non_usability
NONE,CoCalc,Grekkor,1,7,4,0,None,['None'],Non_usability
NONE,CoCalc,certik,3,13,324,8,None,['None'],Non_usability
CONTRIBUTOR,CoCalc,edgarcosta,7,11,69,7,Usability,"['None', 'Usability']",Both_role
NONE,CoCalc,zerline,1,8,18,4,None,['None'],Non_usability
CONTRIBUTOR,CoCalc,tscholl2,10,7,71,4,None,['None'],Non_usability
CONTRIBUTOR,CoCalc,johnjeng,33,10,18,163,None,"['None', 'Usability']",Both_role
NONE,CoCalc,navoshta,1,10,26,12,None,['None'],Non_usability
NONE,CoCalc,crockeea,2,8,19,8,Usability,['Usability'],Usability
NONE,CoCalc,Drachionix,1,3,2,0,None,['None'],Non_usability
NONE,CoCalc,seaneberhard,1,4,12,2,Usability,['Usability'],Usability
NONE,CoCalc,jesseseeem,1,1,1,1,None,['None'],Non_usability
CONTRIBUTOR,CoCalc,DrXyzzy,203,11,33,327,Usability,"['None', 'Usability']",Both_role
COLLABORATOR,CoCalc,slel,33,9,147,116,Usability,"['None', 'Usability']",Both_role
CONTRIBUTOR,CoCalc,haraldschilly,567,11,100,966,Usability,"['Usability', 'None']",Both_role
COLLABORATOR,CoCalc,slel,33,9,147,116,None,"['None', 'Usability']",Both_role
CONTRIBUTOR,CoCalc,williamstein,819,10,116,2381,Usability,"['None', 'Usability']",Both_role
CONTRIBUTOR,CoCalc,williamstein,819,10,116,2381,None,"['None', 'Usability']",Both_role
CONTRIBUTOR,CoCalc,DrXyzzy,203,11,33,327,None,"['None', 'Usability']",Both_role
CONTRIBUTOR,CoCalc,haraldschilly,567,11,100,966,None,"['Usability', 'None']",Both_role
